"ACCOUNT_GUID","MEMBER_GUID","CREATION_DATE"
"e4c8c6b8-cf66-11ee-972b-e00af6801390","e4c82aba-cf66-11ee-bfc8-e00af6801390","2023-06-26"
"e4c8c6b9-cf66-11ee-b779-e00af6801390","e4c7dc7f-cf66-11ee-aa99-e00af6801390","2022-03-16"
"e4c8c6ba-cf66-11ee-9a2c-e00af6801390","e4c82aad-cf66-11ee-a181-e00af6801390","2023-05-06"
"e4c8c6bb-cf66-11ee-a80f-e00af6801390","e4c87cce-cf66-11ee-bc8b-e00af6801390","2023-10-09"
"e4c8c6bc-cf66-11ee-9030-e00af6801390","e4c82aa4-cf66-11ee-b748-e00af6801390","2022-06-21"
"e4c8c6bd-cf66-11ee-b88e-e00af6801390","e4c7b553-cf66-11ee-aa1f-e00af6801390","2023-04-20"
"e4c8c6be-cf66-11ee-8407-e00af6801390","e4c7b54e-cf66-11ee-8ed8-e00af6801390","2023-09-29"
"e4c8c6bf-cf66-11ee-ad24-e00af6801390","e4c78e70-cf66-11ee-9c45-e00af6801390","2023-11-14"
"e4c8c6c0-cf66-11ee-a0be-e00af6801390","e4c78e79-cf66-11ee-b9ca-e00af6801390","2023-05-30"
"e4c8c6c1-cf66-11ee-a840-e00af6801390","e4c76755-cf66-11ee-8ef1-e00af6801390","2023-07-27"
"e4c8c6c2-cf66-11ee-890c-e00af6801390","e4c82ad2-cf66-11ee-8b95-e00af6801390","2022-03-28"
"e4c8edd7-cf66-11ee-9e30-e00af6801390","e4c78e49-cf66-11ee-8eba-e00af6801390","2023-04-24"
"e4c8edd8-cf66-11ee-8c75-e00af6801390","e4c82acd-cf66-11ee-859f-e00af6801390","2023-09-30"
"e4c8edd9-cf66-11ee-acad-e00af6801390","e4c82ad1-cf66-11ee-8522-e00af6801390","2024-01-19"
"e4c8f001-cf66-11ee-9b8d-e00af6801390","e4c85194-cf66-11ee-a0d4-e00af6801390","2023-12-26"
"e4c8f002-cf66-11ee-959c-e00af6801390","e4c7dc5a-cf66-11ee-bcf9-e00af6801390","2022-11-07"
"e4c8f003-cf66-11ee-910b-e00af6801390","e4c7dc95-cf66-11ee-8e3f-e00af6801390","2022-08-31"
"e4c8f004-cf66-11ee-9073-e00af6801390","e4c7673f-cf66-11ee-8d36-e00af6801390","2022-09-20"
"e4c8f005-cf66-11ee-93e1-e00af6801390","e4c76751-cf66-11ee-a02d-e00af6801390","2023-01-29"
"e4c8f006-cf66-11ee-b47f-e00af6801390","e4c7b558-cf66-11ee-abbf-e00af6801390","2022-08-02"
"e4c8f007-cf66-11ee-ab78-e00af6801390","e4c7b582-cf66-11ee-a429-e00af6801390","2023-09-26"
"e4c8f008-cf66-11ee-98ff-e00af6801390","e4c7dc76-cf66-11ee-9b80-e00af6801390","2022-08-17"
"e4c8f43c-cf66-11ee-9160-e00af6801390","e4c7b581-cf66-11ee-8891-e00af6801390","2023-03-11"
"e4c8f43d-cf66-11ee-8c00-e00af6801390","e4c76757-cf66-11ee-a49c-e00af6801390","2023-07-25"
"e4c8f43e-cf66-11ee-abd4-e00af6801390","e4c76754-cf66-11ee-857f-e00af6801390","2023-05-17"
"e4c8f43f-cf66-11ee-b66a-e00af6801390","e4c78e46-cf66-11ee-84cb-e00af6801390","2022-12-12"
"e4c8f440-cf66-11ee-8b0b-e00af6801390","e4c7dc99-cf66-11ee-8dbc-e00af6801390","2023-02-11"
"e4c8f441-cf66-11ee-978c-e00af6801390","e4c82acf-cf66-11ee-8545-e00af6801390","2022-09-03"
"e4c8f442-cf66-11ee-ab33-e00af6801390","e4c7dc7b-cf66-11ee-9094-e00af6801390","2022-11-19"
"e4c8f443-cf66-11ee-8691-e00af6801390","e4c82ac8-cf66-11ee-bcd5-e00af6801390","2023-12-15"
"e4c8f444-cf66-11ee-9a44-e00af6801390","e4c87cc8-cf66-11ee-9306-e00af6801390","2023-09-27"
"e4c8f445-cf66-11ee-b82f-e00af6801390","e4c76765-cf66-11ee-9bc2-e00af6801390","2023-06-05"
"e4c8f446-cf66-11ee-87c1-e00af6801390","e4c7675c-cf66-11ee-aa8d-e00af6801390","2023-03-20"
"e4c8f447-cf66-11ee-baa5-e00af6801390","e4c78e83-cf66-11ee-9a7c-e00af6801390","2023-04-19"
"e4c8f448-cf66-11ee-9211-e00af6801390","e4c7dc71-cf66-11ee-b177-e00af6801390","2023-12-03"
"e4c8f449-cf66-11ee-aecc-e00af6801390","e4c78e79-cf66-11ee-b9ca-e00af6801390","2022-11-30"
"e4c8f44a-cf66-11ee-8fb8-e00af6801390","e4c8038d-cf66-11ee-9daa-e00af6801390","2023-08-29"
"e4c8f44b-cf66-11ee-a52a-e00af6801390","e4c76731-cf66-11ee-84bd-e00af6801390","2023-07-31"
"e4c8f44c-cf66-11ee-bb23-e00af6801390","e4c76751-cf66-11ee-a02d-e00af6801390","2022-04-15"
"e4c8f44d-cf66-11ee-b65e-e00af6801390","e4c851d1-cf66-11ee-a974-e00af6801390","2023-03-29"
"e4c8f44e-cf66-11ee-8dcb-e00af6801390","e4c80395-cf66-11ee-80b5-e00af6801390","2023-12-01"
"e4c8f44f-cf66-11ee-955d-e00af6801390","e4c7b576-cf66-11ee-b8da-e00af6801390","2022-08-07"
"e4c8f450-cf66-11ee-beb5-e00af6801390","e4c7b587-cf66-11ee-8442-e00af6801390","2023-07-03"
"e4c8f451-cf66-11ee-9a42-e00af6801390","e4c82abb-cf66-11ee-a360-e00af6801390","2022-07-22"
"e4c8f452-cf66-11ee-8bd6-e00af6801390","e4c78e69-cf66-11ee-b245-e00af6801390","2023-08-09"
"e4c8f453-cf66-11ee-8d39-e00af6801390","e4c7b569-cf66-11ee-8893-e00af6801390","2022-08-20"
"e4c8f454-cf66-11ee-a328-e00af6801390","e4c7b568-cf66-11ee-8068-e00af6801390","2022-08-15"
"e4c8f455-cf66-11ee-8b1f-e00af6801390","e4c80376-cf66-11ee-a4bf-e00af6801390","2022-03-07"
"e4c8f456-cf66-11ee-a761-e00af6801390","e4c82ab1-cf66-11ee-a5f0-e00af6801390","2022-08-29"
"e4c8f457-cf66-11ee-a21e-e00af6801390","e4c82aa4-cf66-11ee-b748-e00af6801390","2024-01-05"
"e4c8f458-cf66-11ee-91af-e00af6801390","e4c80396-cf66-11ee-adc1-e00af6801390","2023-05-13"
"e4c8f459-cf66-11ee-a044-e00af6801390","e4c78e57-cf66-11ee-8f91-e00af6801390","2022-03-16"
"e4c8f45a-cf66-11ee-be9d-e00af6801390","e4c7dc96-cf66-11ee-a930-e00af6801390","2023-10-18"
"e4c8f45b-cf66-11ee-876f-e00af6801390","e4c7dc97-cf66-11ee-a90e-e00af6801390","2022-04-29"
"e4c8f45c-cf66-11ee-b96a-e00af6801390","e4c7dc7a-cf66-11ee-9c29-e00af6801390","2022-05-07"
"e4c8f45d-cf66-11ee-8749-e00af6801390","e4c7675d-cf66-11ee-8572-e00af6801390","2023-04-12"
"e4c8f45e-cf66-11ee-92cc-e00af6801390","e4c851d0-cf66-11ee-bd1a-e00af6801390","2023-06-29"
"e4c8f45f-cf66-11ee-9bdd-e00af6801390","e4c7dc66-cf66-11ee-935d-e00af6801390","2023-05-20"
"e4c8f460-cf66-11ee-94e7-e00af6801390","e4c8038d-cf66-11ee-9daa-e00af6801390","2024-01-07"
"e4c8f461-cf66-11ee-8476-e00af6801390","e4c78e7e-cf66-11ee-b1fc-e00af6801390","2022-12-23"
"e4c8f462-cf66-11ee-97e7-e00af6801390","e4c78e44-cf66-11ee-8a7b-e00af6801390","2023-05-10"
"e4c8f463-cf66-11ee-89da-e00af6801390","e4c7b578-cf66-11ee-a1f2-e00af6801390","2023-11-21"
"e4c8f464-cf66-11ee-9cad-e00af6801390","e4c7b582-cf66-11ee-a429-e00af6801390","2022-09-12"
"e4c8f465-cf66-11ee-bc42-e00af6801390","e4c7b560-cf66-11ee-b686-e00af6801390","2023-07-03"
"e4c8f466-cf66-11ee-bde0-e00af6801390","e4c76765-cf66-11ee-9bc2-e00af6801390","2023-02-21"
"e4c8f467-cf66-11ee-bb15-e00af6801390","e4c80370-cf66-11ee-9ba5-e00af6801390","2024-01-05"
"e4c8f468-cf66-11ee-ab58-e00af6801390","e4c82ada-cf66-11ee-ab29-e00af6801390","2023-05-05"
"e4c8f469-cf66-11ee-8e9f-e00af6801390","e4c7b576-cf66-11ee-b8da-e00af6801390","2023-04-05"
"e4c8f46a-cf66-11ee-8258-e00af6801390","e4c851a7-cf66-11ee-9516-e00af6801390","2023-03-29"
"e4c8f46b-cf66-11ee-8e9f-e00af6801390","e4c76757-cf66-11ee-a49c-e00af6801390","2023-05-28"
"e4c8f46c-cf66-11ee-bb2a-e00af6801390","e4c78e48-cf66-11ee-abc1-e00af6801390","2022-03-25"
"e4c8f46d-cf66-11ee-8c92-e00af6801390","e4c87ccc-cf66-11ee-8f45-e00af6801390","2023-11-23"
"e4c8f46e-cf66-11ee-ab92-e00af6801390","e4c7b56e-cf66-11ee-bf26-e00af6801390","2022-06-20"
"e4c8f46f-cf66-11ee-9bee-e00af6801390","e4c851ca-cf66-11ee-9b35-e00af6801390","2022-06-10"
"e4c8f470-cf66-11ee-ad74-e00af6801390","e4c7b55a-cf66-11ee-a8a0-e00af6801390","2023-07-04"
"e4c8f471-cf66-11ee-b710-e00af6801390","e4c76748-cf66-11ee-a946-e00af6801390","2023-02-13"
"e4c8f472-cf66-11ee-8ec4-e00af6801390","e4c7dc86-cf66-11ee-981f-e00af6801390","2023-03-05"
"e4c8f473-cf66-11ee-b74c-e00af6801390","e4c851d0-cf66-11ee-bd1a-e00af6801390","2022-04-28"
"e4c8f474-cf66-11ee-9b24-e00af6801390","e4c82ab6-cf66-11ee-9caa-e00af6801390","2022-03-11"
"e4c8f475-cf66-11ee-a005-e00af6801390","e4c7dc81-cf66-11ee-b12f-e00af6801390","2022-03-16"
"e4c8f476-cf66-11ee-be5e-e00af6801390","e4c7b570-cf66-11ee-bd62-e00af6801390","2023-11-20"
"e4c8f477-cf66-11ee-ac1c-e00af6801390","e4c851a3-cf66-11ee-b5cc-e00af6801390","2022-06-29"
"e4c8f478-cf66-11ee-9227-e00af6801390","e4c76733-cf66-11ee-afbd-e00af6801390","2023-03-26"
"e4c8f479-cf66-11ee-9057-e00af6801390","e4c851c2-cf66-11ee-8895-e00af6801390","2022-10-15"
"e4c8f47a-cf66-11ee-a3d9-e00af6801390","e4c82aa2-cf66-11ee-bf79-e00af6801390","2022-10-09"
"e4c8f47b-cf66-11ee-9fcb-e00af6801390","e4c78e52-cf66-11ee-9b2b-e00af6801390","2023-12-12"
"e4c8f47c-cf66-11ee-8d4c-e00af6801390","e4c7dc92-cf66-11ee-b969-e00af6801390","2022-05-17"
"e4c8f47d-cf66-11ee-a772-e00af6801390","e4c7dc89-cf66-11ee-b004-e00af6801390","2023-06-01"
"e4c8f47e-cf66-11ee-bb29-e00af6801390","e4c7dc7d-cf66-11ee-bcf5-e00af6801390","2022-08-20"
"e4c8f47f-cf66-11ee-96f1-e00af6801390","e4c82acd-cf66-11ee-859f-e00af6801390","2022-08-22"
"e4c8f480-cf66-11ee-b25f-e00af6801390","e4c78e51-cf66-11ee-96cb-e00af6801390","2023-07-25"
"e4c8f481-cf66-11ee-ace2-e00af6801390","e4c78e80-cf66-11ee-bce4-e00af6801390","2023-11-16"
"e4c91b58-cf66-11ee-a4a9-e00af6801390","e4c851cc-cf66-11ee-9e3a-e00af6801390","2023-04-04"
"e4c91b59-cf66-11ee-9206-e00af6801390","e4c7b566-cf66-11ee-9aa1-e00af6801390","2023-07-18"
"e4c91b5a-cf66-11ee-84e8-e00af6801390","e4c82aac-cf66-11ee-9fbf-e00af6801390","2022-06-05"
"e4c91b5b-cf66-11ee-b2b0-e00af6801390","e4c8037c-cf66-11ee-a63c-e00af6801390","2022-03-22"
"e4c91b5c-cf66-11ee-8a11-e00af6801390","e4c7dc65-cf66-11ee-a1dc-e00af6801390","2023-10-10"
"e4c91b5d-cf66-11ee-bf2a-e00af6801390","e4c7672d-cf66-11ee-915c-e00af6801390","2022-02-27"
"e4c91b5e-cf66-11ee-a61f-e00af6801390","e4c78e72-cf66-11ee-992b-e00af6801390","2023-01-04"
"e4c91b5f-cf66-11ee-8a1e-e00af6801390","e4c82ad4-cf66-11ee-bc08-e00af6801390","2023-02-28"
"e4c91b60-cf66-11ee-8cde-e00af6801390","e4c7674e-cf66-11ee-af40-e00af6801390","2022-06-17"
"e4c91b61-cf66-11ee-9d99-e00af6801390","e4c87cca-cf66-11ee-8f90-e00af6801390","2023-02-06"
"e4c91b62-cf66-11ee-8eba-e00af6801390","e4c7401c-cf66-11ee-9e76-e00af6801390","2023-11-16"
"e4c91b63-cf66-11ee-8385-e00af6801390","e4c7674b-cf66-11ee-bf1b-e00af6801390","2023-04-21"
"e4c91b64-cf66-11ee-95d2-e00af6801390","e4c82aa8-cf66-11ee-87b9-e00af6801390","2023-02-09"
"e4c91b65-cf66-11ee-bacc-e00af6801390","e4c7dc83-cf66-11ee-9882-e00af6801390","2022-11-14"
"e4c91b66-cf66-11ee-a558-e00af6801390","e4c82acb-cf66-11ee-b512-e00af6801390","2023-10-11"
"e4c91b67-cf66-11ee-8f56-e00af6801390","e4c7b576-cf66-11ee-b8da-e00af6801390","2023-06-26"
"e4c91b68-cf66-11ee-9e4b-e00af6801390","e4c82ab8-cf66-11ee-b362-e00af6801390","2024-01-08"
"e4c91b69-cf66-11ee-9deb-e00af6801390","e4c82ad8-cf66-11ee-a013-e00af6801390","2022-12-01"
"e4c91b6a-cf66-11ee-82e3-e00af6801390","e4c851d2-cf66-11ee-bd94-e00af6801390","2022-04-20"
"e4c91b6b-cf66-11ee-9d8b-e00af6801390","e4c80366-cf66-11ee-a657-e00af6801390","2023-10-04"
"e4c91b6c-cf66-11ee-a0f1-e00af6801390","e4c7dc5b-cf66-11ee-add3-e00af6801390","2023-08-25"
"e4c91b6d-cf66-11ee-8318-e00af6801390","e4c82a9a-cf66-11ee-923a-e00af6801390","2022-12-28"
"e4c91b6e-cf66-11ee-9ff5-e00af6801390","e4c7b57e-cf66-11ee-b23d-e00af6801390","2023-09-15"
"e4c91b6f-cf66-11ee-8481-e00af6801390","e4c80365-cf66-11ee-9af6-e00af6801390","2023-07-30"
"e4c91b70-cf66-11ee-8c18-e00af6801390","e4c78e45-cf66-11ee-9b85-e00af6801390","2022-03-01"
"e4c91b71-cf66-11ee-8b2e-e00af6801390","e4c851ae-cf66-11ee-bfa4-e00af6801390","2024-01-09"
"e4c91b72-cf66-11ee-807d-e00af6801390","e4c76767-cf66-11ee-9e10-e00af6801390","2024-01-16"
"e4c91b73-cf66-11ee-948d-e00af6801390","e4c78e62-cf66-11ee-8883-e00af6801390","2023-12-25"
"e4c91b74-cf66-11ee-abf3-e00af6801390","e4c78e84-cf66-11ee-abbc-e00af6801390","2023-01-08"
"e4c91b75-cf66-11ee-82ae-e00af6801390","e4c78e76-cf66-11ee-8b4c-e00af6801390","2023-12-23"
"e4c91b76-cf66-11ee-962f-e00af6801390","e4c80386-cf66-11ee-a011-e00af6801390","2022-12-16"
"e4c91b77-cf66-11ee-95c0-e00af6801390","e4c7dc82-cf66-11ee-8e9a-e00af6801390","2022-09-04"
"e4c91b78-cf66-11ee-b016-e00af6801390","e4c82abc-cf66-11ee-bdeb-e00af6801390","2023-04-20"
"e4c91b79-cf66-11ee-b60e-e00af6801390","e4c851a8-cf66-11ee-a857-e00af6801390","2023-12-25"
"e4c91b7a-cf66-11ee-8b5f-e00af6801390","e4c82ada-cf66-11ee-ab29-e00af6801390","2022-03-22"
"e4c91b7b-cf66-11ee-8a7c-e00af6801390","e4c78e57-cf66-11ee-8f91-e00af6801390","2023-01-29"
"e4c91b7c-cf66-11ee-aa54-e00af6801390","e4c82ac5-cf66-11ee-a099-e00af6801390","2023-04-13"
"e4c91b7d-cf66-11ee-8d72-e00af6801390","e4c8519d-cf66-11ee-aee2-e00af6801390","2022-04-02"
"e4c91b7e-cf66-11ee-97b5-e00af6801390","e4c76765-cf66-11ee-9bc2-e00af6801390","2022-05-12"
"e4c91b7f-cf66-11ee-9c89-e00af6801390","e4c87cc9-cf66-11ee-83cf-e00af6801390","2022-04-13"
"e4c91b80-cf66-11ee-a3c6-e00af6801390","e4c76757-cf66-11ee-a49c-e00af6801390","2023-02-28"
"e4c91b81-cf66-11ee-90ff-e00af6801390","e4c851cb-cf66-11ee-a2f2-e00af6801390","2022-06-06"
"e4c91b82-cf66-11ee-989a-e00af6801390","e4c76761-cf66-11ee-b29a-e00af6801390","2023-06-18"
"e4c91b83-cf66-11ee-8074-e00af6801390","e4c7b587-cf66-11ee-8442-e00af6801390","2022-11-04"
"e4c91b84-cf66-11ee-9ff5-e00af6801390","e4c78e5c-cf66-11ee-99fa-e00af6801390","2022-10-23"
"e4c91b85-cf66-11ee-90b2-e00af6801390","e4c82a9f-cf66-11ee-8af6-e00af6801390","2023-12-01"
"e4c91b86-cf66-11ee-bcf1-e00af6801390","e4c7b580-cf66-11ee-8063-e00af6801390","2023-07-22"
"e4c91b87-cf66-11ee-9230-e00af6801390","e4c82ac9-cf66-11ee-bb83-e00af6801390","2023-10-21"
"e4c91b88-cf66-11ee-8f06-e00af6801390","e4c7dc74-cf66-11ee-8f8b-e00af6801390","2022-06-22"
"e4c91b89-cf66-11ee-8ae5-e00af6801390","e4c803a8-cf66-11ee-b4a0-e00af6801390","2022-07-07"
"e4c91b8a-cf66-11ee-b180-e00af6801390","e4c78e5f-cf66-11ee-9aef-e00af6801390","2023-02-09"
"e4c91b8b-cf66-11ee-902a-e00af6801390","e4c7673a-cf66-11ee-970e-e00af6801390","2022-05-04"
"e4c91b8c-cf66-11ee-b4c2-e00af6801390","e4c7401f-cf66-11ee-b722-e00af6801390","2022-11-18"
"e4c91b8d-cf66-11ee-adf3-e00af6801390","e4c7b557-cf66-11ee-8001-e00af6801390","2022-10-27"
"e4c91b8e-cf66-11ee-aee5-e00af6801390","e4c82ada-cf66-11ee-ab29-e00af6801390","2022-06-16"
"e4c91b8f-cf66-11ee-9e73-e00af6801390","e4c78e77-cf66-11ee-9540-e00af6801390","2022-03-07"
"e4c91b90-cf66-11ee-897d-e00af6801390","e4c8036f-cf66-11ee-ad6a-e00af6801390","2022-06-21"
"e4c9426f-cf66-11ee-891a-e00af6801390","e4c82acf-cf66-11ee-8545-e00af6801390","2022-12-12"
"e4c94270-cf66-11ee-95c2-e00af6801390","e4c82ab9-cf66-11ee-a2ee-e00af6801390","2023-02-06"
"e4c94271-cf66-11ee-8499-e00af6801390","e4c76750-cf66-11ee-a2b9-e00af6801390","2022-08-31"
"e4c94272-cf66-11ee-8ae0-e00af6801390","e4c7b584-cf66-11ee-a6b8-e00af6801390","2023-12-06"
"e4c94273-cf66-11ee-b18d-e00af6801390","e4c76733-cf66-11ee-afbd-e00af6801390","2023-02-07"
"e4c94274-cf66-11ee-bb86-e00af6801390","e4c851c7-cf66-11ee-9a5f-e00af6801390","2023-02-02"
"e4c94275-cf66-11ee-896d-e00af6801390","e4c7b572-cf66-11ee-97e2-e00af6801390","2022-03-31"
"e4c94276-cf66-11ee-95eb-e00af6801390","e4c78e7a-cf66-11ee-8a96-e00af6801390","2022-07-11"
"e4c94277-cf66-11ee-aebc-e00af6801390","e4c80367-cf66-11ee-abf5-e00af6801390","2023-07-20"
"e4c94278-cf66-11ee-bd48-e00af6801390","e4c78e5d-cf66-11ee-941e-e00af6801390","2023-01-17"
"e4c94279-cf66-11ee-a537-e00af6801390","e4c78e6c-cf66-11ee-b540-e00af6801390","2023-10-21"
"e4c9427a-cf66-11ee-9155-e00af6801390","e4c85199-cf66-11ee-b2af-e00af6801390","2023-08-22"
"e4c9427b-cf66-11ee-a52f-e00af6801390","e4c82aac-cf66-11ee-9fbf-e00af6801390","2023-01-26"
"e4c9427c-cf66-11ee-8923-e00af6801390","e4c85189-cf66-11ee-a44b-e00af6801390","2022-05-19"
"e4c9427d-cf66-11ee-9489-e00af6801390","e4c851a1-cf66-11ee-b8ea-e00af6801390","2022-10-15"
"e4c9427e-cf66-11ee-9a07-e00af6801390","e4c7dc80-cf66-11ee-bcbf-e00af6801390","2023-11-20"
"e4c9427f-cf66-11ee-9628-e00af6801390","e4c8036b-cf66-11ee-be6f-e00af6801390","2023-10-29"
"e4c94280-cf66-11ee-92f0-e00af6801390","e4c8519f-cf66-11ee-b779-e00af6801390","2023-11-13"
"e4c94281-cf66-11ee-bfa7-e00af6801390","e4c78e76-cf66-11ee-8b4c-e00af6801390","2022-09-23"
"e4c94282-cf66-11ee-97e0-e00af6801390","e4c7b54d-cf66-11ee-8dc5-e00af6801390","2022-10-12"
"e4c94283-cf66-11ee-9fa6-e00af6801390","e4c80375-cf66-11ee-af40-e00af6801390","2023-03-08"
"e4c94284-cf66-11ee-9bc9-e00af6801390","e4c851be-cf66-11ee-914f-e00af6801390","2023-08-16"
"e4c94285-cf66-11ee-98c3-e00af6801390","e4c76751-cf66-11ee-a02d-e00af6801390","2022-09-28"
"e4c94286-cf66-11ee-a780-e00af6801390","e4c7b56c-cf66-11ee-af96-e00af6801390","2023-07-27"
"e4c94287-cf66-11ee-8f27-e00af6801390","e4c7dc89-cf66-11ee-b004-e00af6801390","2022-06-30"
"e4c94288-cf66-11ee-bfd4-e00af6801390","e4c7b566-cf66-11ee-9aa1-e00af6801390","2023-11-06"
"e4c94289-cf66-11ee-a7d8-e00af6801390","e4c851bb-cf66-11ee-9ec3-e00af6801390","2022-05-07"
"e4c9428a-cf66-11ee-b455-e00af6801390","e4c78e4c-cf66-11ee-bfed-e00af6801390","2024-01-19"
"e4c9428b-cf66-11ee-8a1e-e00af6801390","e4c78e84-cf66-11ee-abbc-e00af6801390","2022-06-10"
"e4c9428c-cf66-11ee-9ed8-e00af6801390","e4c7b575-cf66-11ee-ab54-e00af6801390","2022-09-14"
"e4c9428d-cf66-11ee-a8f4-e00af6801390","e4c7b55a-cf66-11ee-a8a0-e00af6801390","2022-09-25"
"e4c9428e-cf66-11ee-9243-e00af6801390","e4c76748-cf66-11ee-a946-e00af6801390","2023-06-20"
"e4c9428f-cf66-11ee-9fb0-e00af6801390","e4c8038d-cf66-11ee-9daa-e00af6801390","2023-04-26"
"e4c94290-cf66-11ee-9c09-e00af6801390","e4c78e78-cf66-11ee-9a07-e00af6801390","2023-09-19"
"e4c94291-cf66-11ee-a6f6-e00af6801390","e4c7673b-cf66-11ee-856d-e00af6801390","2023-08-17"
"e4c94292-cf66-11ee-95f6-e00af6801390","e4c80366-cf66-11ee-a657-e00af6801390","2023-01-22"
"e4c94293-cf66-11ee-9e6f-e00af6801390","e4c78e63-cf66-11ee-a457-e00af6801390","2022-09-02"
"e4c94294-cf66-11ee-b362-e00af6801390","e4c82ab1-cf66-11ee-a5f0-e00af6801390","2023-11-30"
"e4c94295-cf66-11ee-8dac-e00af6801390","e4c82aa1-cf66-11ee-bf75-e00af6801390","2022-04-03"
"e4c94296-cf66-11ee-b405-e00af6801390","e4c80391-cf66-11ee-b603-e00af6801390","2023-04-16"
"e4c94297-cf66-11ee-aa1b-e00af6801390","e4c78e85-cf66-11ee-b1d2-e00af6801390","2022-04-22"
"e4c94298-cf66-11ee-aa8d-e00af6801390","e4c76736-cf66-11ee-8f1d-e00af6801390","2022-12-03"
"e4c94299-cf66-11ee-afb2-e00af6801390","e4c76730-cf66-11ee-8039-e00af6801390","2022-03-10"
"e4c9429a-cf66-11ee-93b2-e00af6801390","e4c78e57-cf66-11ee-8f91-e00af6801390","2023-11-09"
"e4c9429b-cf66-11ee-9b50-e00af6801390","e4c803a4-cf66-11ee-a5ac-e00af6801390","2022-07-02"
"e4c9429c-cf66-11ee-ad28-e00af6801390","e4c82ab5-cf66-11ee-bfbd-e00af6801390","2023-01-25"
"e4c9429d-cf66-11ee-9876-e00af6801390","e4c78e6b-cf66-11ee-bf7d-e00af6801390","2023-01-26"
"e4c9429e-cf66-11ee-890e-e00af6801390","e4c80398-cf66-11ee-aa26-e00af6801390","2022-11-25"
"e4c9429f-cf66-11ee-a196-e00af6801390","e4c851ad-cf66-11ee-b1ed-e00af6801390","2023-05-27"
"e4c942a0-cf66-11ee-9dbc-e00af6801390","e4c87cc8-cf66-11ee-9306-e00af6801390","2022-09-07"
"e4c942a1-cf66-11ee-b980-e00af6801390","e4c78e5e-cf66-11ee-9a22-e00af6801390","2022-09-10"
"e4c942a2-cf66-11ee-98cf-e00af6801390","e4c80367-cf66-11ee-abf5-e00af6801390","2023-08-28"
"e4c942a3-cf66-11ee-a60f-e00af6801390","e4c80398-cf66-11ee-aa26-e00af6801390","2022-09-30"
"e4c942a4-cf66-11ee-9b54-e00af6801390","e4c78e83-cf66-11ee-9a7c-e00af6801390","2023-01-15"
"e4c942a5-cf66-11ee-8160-e00af6801390","e4c7b57d-cf66-11ee-b2bb-e00af6801390","2023-09-25"
"e4c942a6-cf66-11ee-acb1-e00af6801390","e4c7b575-cf66-11ee-ab54-e00af6801390","2022-04-16"
"e4c942a7-cf66-11ee-a195-e00af6801390","e4c85189-cf66-11ee-a44b-e00af6801390","2023-08-24"
"e4c942a8-cf66-11ee-98b2-e00af6801390","e4c87cd2-cf66-11ee-adb8-e00af6801390","2023-02-21"
"e4c942a9-cf66-11ee-aa4d-e00af6801390","e4c7b564-cf66-11ee-be53-e00af6801390","2022-11-25"
"e4c942aa-cf66-11ee-a6f3-e00af6801390","e4c82aaf-cf66-11ee-8538-e00af6801390","2023-10-08"
"e4c942ab-cf66-11ee-bd9f-e00af6801390","e4c851a0-cf66-11ee-83ca-e00af6801390","2023-05-27"
"e4c942ac-cf66-11ee-b914-e00af6801390","e4c78e83-cf66-11ee-9a7c-e00af6801390","2023-03-29"
"e4c942ad-cf66-11ee-a15c-e00af6801390","e4c82ad6-cf66-11ee-8a1c-e00af6801390","2022-08-27"
"e4c942ae-cf66-11ee-bd4b-e00af6801390","e4c76754-cf66-11ee-857f-e00af6801390","2023-04-07"
"e4c942af-cf66-11ee-8523-e00af6801390","e4c8519c-cf66-11ee-a702-e00af6801390","2023-07-28"
"e4c942b0-cf66-11ee-a268-e00af6801390","e4c78e80-cf66-11ee-bce4-e00af6801390","2022-11-30"
"e4c942b1-cf66-11ee-b93c-e00af6801390","e4c82ac2-cf66-11ee-a125-e00af6801390","2023-09-03"
"e4c942b2-cf66-11ee-8a27-e00af6801390","e4c76763-cf66-11ee-8fbf-e00af6801390","2022-12-18"
"e4c942b3-cf66-11ee-a9db-e00af6801390","e4c82ab1-cf66-11ee-a5f0-e00af6801390","2022-05-02"
"e4c942b4-cf66-11ee-aec7-e00af6801390","e4c78e46-cf66-11ee-84cb-e00af6801390","2022-04-17"
"e4c942b5-cf66-11ee-9b1e-e00af6801390","e4c7dc5e-cf66-11ee-ac78-e00af6801390","2023-03-20"
"e4c942b6-cf66-11ee-8482-e00af6801390","e4c7b55d-cf66-11ee-8d40-e00af6801390","2023-06-21"
"e4c96977-cf66-11ee-b4d8-e00af6801390","e4c851ab-cf66-11ee-9fc3-e00af6801390","2022-06-20"
"e4c96978-cf66-11ee-98d5-e00af6801390","e4c87cc7-cf66-11ee-9e71-e00af6801390","2023-08-31"
"e4c96979-cf66-11ee-ac38-e00af6801390","e4c80373-cf66-11ee-be7c-e00af6801390","2022-07-23"
"e4c9697a-cf66-11ee-8634-e00af6801390","e4c82ac3-cf66-11ee-b005-e00af6801390","2022-07-23"
"e4c9697b-cf66-11ee-9a84-e00af6801390","e4c7675f-cf66-11ee-8352-e00af6801390","2022-09-08"
"e4c9697c-cf66-11ee-bcee-e00af6801390","e4c7b586-cf66-11ee-bf61-e00af6801390","2022-06-01"
"e4c9697d-cf66-11ee-8492-e00af6801390","e4c7672d-cf66-11ee-915c-e00af6801390","2023-09-05"
"e4c9697e-cf66-11ee-821e-e00af6801390","e4c85197-cf66-11ee-ac77-e00af6801390","2023-02-07"
"e4c9697f-cf66-11ee-aeb1-e00af6801390","e4c87cc5-cf66-11ee-b4d1-e00af6801390","2022-11-25"
"e4c96980-cf66-11ee-b46c-e00af6801390","e4c7dc76-cf66-11ee-9b80-e00af6801390","2022-11-12"
"e4c96981-cf66-11ee-b30b-e00af6801390","e4c76731-cf66-11ee-84bd-e00af6801390","2023-07-17"
"e4c96982-cf66-11ee-9eb4-e00af6801390","e4c76736-cf66-11ee-8f1d-e00af6801390","2023-03-13"
"e4c96983-cf66-11ee-aa59-e00af6801390","e4c78e46-cf66-11ee-84cb-e00af6801390","2022-08-02"
"e4c96984-cf66-11ee-9730-e00af6801390","e4c87cd6-cf66-11ee-93ef-e00af6801390","2023-12-02"
"e4c96985-cf66-11ee-9f9a-e00af6801390","e4c87cc3-cf66-11ee-9fe8-e00af6801390","2022-04-03"
"e4c96986-cf66-11ee-b46d-e00af6801390","e4c87cc3-cf66-11ee-9fe8-e00af6801390","2023-01-20"
"e4c96987-cf66-11ee-ab0b-e00af6801390","e4c78e4f-cf66-11ee-ae3d-e00af6801390","2022-12-12"
"e4c96988-cf66-11ee-805d-e00af6801390","e4c7dc90-cf66-11ee-8c3b-e00af6801390","2022-10-10"
"e4c96989-cf66-11ee-aca6-e00af6801390","e4c87ccb-cf66-11ee-80ac-e00af6801390","2023-01-09"
"e4c9698a-cf66-11ee-9e0a-e00af6801390","e4c7673d-cf66-11ee-b9f7-e00af6801390","2024-01-10"
"e4c9698b-cf66-11ee-ba0b-e00af6801390","e4c7672f-cf66-11ee-9ca1-e00af6801390","2023-02-21"
"e4c9698c-cf66-11ee-97ee-e00af6801390","e4c7b57d-cf66-11ee-b2bb-e00af6801390","2024-01-09"
"e4c9698d-cf66-11ee-8fae-e00af6801390","e4c82a9d-cf66-11ee-b0fa-e00af6801390","2022-07-01"
"e4c9698e-cf66-11ee-9390-e00af6801390","e4c85196-cf66-11ee-bfe5-e00af6801390","2023-02-20"
"e4c9698f-cf66-11ee-b26c-e00af6801390","e4c82ad3-cf66-11ee-977f-e00af6801390","2023-03-10"
"e4c96990-cf66-11ee-a376-e00af6801390","e4c82acb-cf66-11ee-b512-e00af6801390","2023-11-19"
"e4c96991-cf66-11ee-81af-e00af6801390","e4c76742-cf66-11ee-b1ff-e00af6801390","2023-05-20"
"e4c96992-cf66-11ee-ba8f-e00af6801390","e4c78e70-cf66-11ee-9c45-e00af6801390","2023-10-03"
"e4c96993-cf66-11ee-a2ce-e00af6801390","e4c80391-cf66-11ee-b603-e00af6801390","2024-01-04"
"e4c96994-cf66-11ee-b525-e00af6801390","e4c76763-cf66-11ee-8fbf-e00af6801390","2023-08-19"
"e4c96995-cf66-11ee-bf44-e00af6801390","e4c7dc5e-cf66-11ee-ac78-e00af6801390","2023-11-27"
"e4c96996-cf66-11ee-baea-e00af6801390","e4c78e6d-cf66-11ee-9795-e00af6801390","2023-06-09"
"e4c96997-cf66-11ee-93b5-e00af6801390","e4c851ab-cf66-11ee-9fc3-e00af6801390","2022-02-26"
"e4c96998-cf66-11ee-a471-e00af6801390","e4c82a9d-cf66-11ee-b0fa-e00af6801390","2022-06-10"
"e4c96999-cf66-11ee-92b0-e00af6801390","e4c8519d-cf66-11ee-aee2-e00af6801390","2023-02-03"
"e4c9699a-cf66-11ee-b8b6-e00af6801390","e4c803a3-cf66-11ee-a90b-e00af6801390","2023-12-30"
"e4c9699b-cf66-11ee-a6a3-e00af6801390","e4c7675b-cf66-11ee-b05b-e00af6801390","2022-12-19"
"e4c9699c-cf66-11ee-b0ea-e00af6801390","e4c78e44-cf66-11ee-8a7b-e00af6801390","2022-05-16"
"e4c9699d-cf66-11ee-9bda-e00af6801390","e4c76767-cf66-11ee-9e10-e00af6801390","2022-09-28"
"e4c9699e-cf66-11ee-acfc-e00af6801390","e4c7b570-cf66-11ee-bd62-e00af6801390","2023-10-29"
"e4c9699f-cf66-11ee-955a-e00af6801390","e4c82ab1-cf66-11ee-a5f0-e00af6801390","2022-07-21"
"e4c969a0-cf66-11ee-ad43-e00af6801390","e4c851c0-cf66-11ee-9456-e00af6801390","2023-09-03"
"e4c969a1-cf66-11ee-99f3-e00af6801390","e4c851bf-cf66-11ee-bfdb-e00af6801390","2023-09-15"
"e4c969a2-cf66-11ee-b97e-e00af6801390","e4c78e68-cf66-11ee-a27f-e00af6801390","2023-03-31"
"e4c969a3-cf66-11ee-b469-e00af6801390","e4c7dc82-cf66-11ee-8e9a-e00af6801390","2022-04-01"
"e4c969a4-cf66-11ee-90ba-e00af6801390","e4c7dc5c-cf66-11ee-bcc3-e00af6801390","2023-05-06"
"e4c969a5-cf66-11ee-9948-e00af6801390","e4c78e79-cf66-11ee-b9ca-e00af6801390","2022-11-03"
"e4c969a6-cf66-11ee-a234-e00af6801390","e4c76735-cf66-11ee-8fac-e00af6801390","2023-12-07"
"e4c969a7-cf66-11ee-a9f0-e00af6801390","e4c7b57e-cf66-11ee-b23d-e00af6801390","2022-12-31"
"e4c969a8-cf66-11ee-9b58-e00af6801390","e4c82ac2-cf66-11ee-a125-e00af6801390","2023-03-17"
"e4c969a9-cf66-11ee-866b-e00af6801390","e4c7b57d-cf66-11ee-b2bb-e00af6801390","2022-06-01"
"e4c969aa-cf66-11ee-be88-e00af6801390","e4c7b558-cf66-11ee-abbf-e00af6801390","2023-12-30"
"e4c969ab-cf66-11ee-82af-e00af6801390","e4c7b559-cf66-11ee-a2c3-e00af6801390","2022-03-09"
"e4c969ac-cf66-11ee-8bfc-e00af6801390","e4c7b55b-cf66-11ee-8984-e00af6801390","2022-04-01"
"e4c969ad-cf66-11ee-8423-e00af6801390","e4c851ca-cf66-11ee-9b35-e00af6801390","2023-04-11"
"e4c969ae-cf66-11ee-ab51-e00af6801390","e4c82ac6-cf66-11ee-a815-e00af6801390","2023-06-18"
"e4c969af-cf66-11ee-b85f-e00af6801390","e4c76756-cf66-11ee-826a-e00af6801390","2023-10-26"
"e4c969b0-cf66-11ee-acb1-e00af6801390","e4c82ac0-cf66-11ee-8234-e00af6801390","2022-03-30"
"e4c969b1-cf66-11ee-afb2-e00af6801390","e4c7dc8a-cf66-11ee-b2ae-e00af6801390","2022-02-24"
"e4c969b2-cf66-11ee-9358-e00af6801390","e4c78e64-cf66-11ee-a7e1-e00af6801390","2023-12-31"
"e4c969b3-cf66-11ee-a3f1-e00af6801390","e4c851bd-cf66-11ee-a1aa-e00af6801390","2022-09-17"
"e4c969b4-cf66-11ee-9b75-e00af6801390","e4c76750-cf66-11ee-a2b9-e00af6801390","2023-07-11"
"e4c969b5-cf66-11ee-81a9-e00af6801390","e4c82aba-cf66-11ee-bfc8-e00af6801390","2022-09-15"
"e4c969b6-cf66-11ee-a5df-e00af6801390","e4c7dc80-cf66-11ee-bcbf-e00af6801390","2023-09-25"
"e4c969b7-cf66-11ee-a635-e00af6801390","e4c7b553-cf66-11ee-aa1f-e00af6801390","2023-11-08"
"e4c969b8-cf66-11ee-a6c4-e00af6801390","e4c7dc8d-cf66-11ee-a1c5-e00af6801390","2022-06-29"
"e4c969b9-cf66-11ee-9627-e00af6801390","e4c7b57f-cf66-11ee-85e0-e00af6801390","2022-05-26"
"e4c969ba-cf66-11ee-8749-e00af6801390","e4c76734-cf66-11ee-83bc-e00af6801390","2023-07-26"
"e4c969bb-cf66-11ee-a5c7-e00af6801390","e4c803a4-cf66-11ee-a5ac-e00af6801390","2022-11-23"
"e4c969bc-cf66-11ee-a907-e00af6801390","e4c7dc87-cf66-11ee-a20a-e00af6801390","2023-01-23"
"e4c969bd-cf66-11ee-a176-e00af6801390","e4c78e81-cf66-11ee-9c9e-e00af6801390","2023-11-01"
"e4c969be-cf66-11ee-bb04-e00af6801390","e4c82acc-cf66-11ee-a5a8-e00af6801390","2023-03-05"
"e4c969bf-cf66-11ee-a45f-e00af6801390","e4c80373-cf66-11ee-be7c-e00af6801390","2022-04-09"
"e4c99090-cf66-11ee-8568-e00af6801390","e4c78e66-cf66-11ee-8684-e00af6801390","2023-10-11"
"e4c99091-cf66-11ee-86ef-e00af6801390","e4c851cc-cf66-11ee-9e3a-e00af6801390","2022-09-14"
"e4c99092-cf66-11ee-a35e-e00af6801390","e4c82ad0-cf66-11ee-8da5-e00af6801390","2022-03-03"
"e4c99093-cf66-11ee-8608-e00af6801390","e4c7b56a-cf66-11ee-b90b-e00af6801390","2023-02-17"
"e4c99094-cf66-11ee-b819-e00af6801390","e4c7b55a-cf66-11ee-a8a0-e00af6801390","2022-10-29"
"e4c99095-cf66-11ee-ba0b-e00af6801390","e4c80374-cf66-11ee-bfa4-e00af6801390","2022-02-23"
"e4c99096-cf66-11ee-91b5-e00af6801390","e4c78e56-cf66-11ee-90ed-e00af6801390","2022-06-15"
"e4c99097-cf66-11ee-a175-e00af6801390","e4c7dc60-cf66-11ee-a73c-e00af6801390","2023-04-30"
"e4c99098-cf66-11ee-8338-e00af6801390","e4c78e64-cf66-11ee-a7e1-e00af6801390","2024-01-01"
"e4c99099-cf66-11ee-a622-e00af6801390","e4c78e59-cf66-11ee-8673-e00af6801390","2023-06-27"
"e4c9909a-cf66-11ee-9328-e00af6801390","e4c78e7d-cf66-11ee-8fb0-e00af6801390","2022-07-19"
"e4c9909b-cf66-11ee-8f2c-e00af6801390","e4c7dc6b-cf66-11ee-a3ce-e00af6801390","2023-11-06"
"e4c9909c-cf66-11ee-a97f-e00af6801390","e4c7dc80-cf66-11ee-bcbf-e00af6801390","2023-07-16"
"e4c9909d-cf66-11ee-8adb-e00af6801390","e4c82ad4-cf66-11ee-bc08-e00af6801390","2023-06-14"
"e4c9909e-cf66-11ee-ae57-e00af6801390","e4c851cd-cf66-11ee-bb9b-e00af6801390","2023-10-10"
"e4c9909f-cf66-11ee-a8f1-e00af6801390","e4c7dc89-cf66-11ee-b004-e00af6801390","2023-11-10"
"e4c990a0-cf66-11ee-9f41-e00af6801390","e4c87cd6-cf66-11ee-93ef-e00af6801390","2023-11-14"
"e4c990a1-cf66-11ee-85b0-e00af6801390","e4c76763-cf66-11ee-8fbf-e00af6801390","2023-07-27"
"e4c990a2-cf66-11ee-8584-e00af6801390","e4c82ac6-cf66-11ee-a815-e00af6801390","2022-04-27"
"e4c990a3-cf66-11ee-a2a1-e00af6801390","e4c7674a-cf66-11ee-8cb5-e00af6801390","2023-05-13"
"e4c990a4-cf66-11ee-afeb-e00af6801390","e4c82ac6-cf66-11ee-a815-e00af6801390","2022-05-16"
"e4c990a5-cf66-11ee-b298-e00af6801390","e4c7dc72-cf66-11ee-b679-e00af6801390","2023-04-02"
"e4c990a6-cf66-11ee-ad7d-e00af6801390","e4c76763-cf66-11ee-8fbf-e00af6801390","2023-11-19"
"e4c990a7-cf66-11ee-a455-e00af6801390","e4c80374-cf66-11ee-bfa4-e00af6801390","2023-09-23"
"e4c990a8-cf66-11ee-b861-e00af6801390","e4c8036f-cf66-11ee-ad6a-e00af6801390","2023-02-10"
"e4c990a9-cf66-11ee-b6c8-e00af6801390","e4c7dc7f-cf66-11ee-aa99-e00af6801390","2022-07-28"
"e4c990aa-cf66-11ee-8066-e00af6801390","e4c80384-cf66-11ee-998e-e00af6801390","2022-06-27"
"e4c990ab-cf66-11ee-8d84-e00af6801390","e4c76736-cf66-11ee-8f1d-e00af6801390","2023-08-28"
"e4c990ac-cf66-11ee-81b7-e00af6801390","e4c78e62-cf66-11ee-8883-e00af6801390","2023-10-12"
"e4c990ad-cf66-11ee-bd0f-e00af6801390","e4c87ccf-cf66-11ee-a81a-e00af6801390","2022-07-05"
"e4c990ae-cf66-11ee-be90-e00af6801390","e4c8519f-cf66-11ee-b779-e00af6801390","2022-12-25"
"e4c990af-cf66-11ee-acb0-e00af6801390","e4c78e7d-cf66-11ee-8fb0-e00af6801390","2022-04-12"
"e4c990b0-cf66-11ee-9c77-e00af6801390","e4c7dc6c-cf66-11ee-9181-e00af6801390","2022-05-18"
"e4c990b1-cf66-11ee-ba85-e00af6801390","e4c851c3-cf66-11ee-814c-e00af6801390","2023-09-23"
"e4c990b2-cf66-11ee-a7a5-e00af6801390","e4c85189-cf66-11ee-a44b-e00af6801390","2023-01-20"
"e4c990b3-cf66-11ee-86eb-e00af6801390","e4c7dc8a-cf66-11ee-b2ae-e00af6801390","2023-08-18"
"e4c990b4-cf66-11ee-81f2-e00af6801390","e4c7401f-cf66-11ee-b722-e00af6801390","2022-03-24"
"e4c990b5-cf66-11ee-b53e-e00af6801390","e4c7b553-cf66-11ee-aa1f-e00af6801390","2022-04-06"
"e4c990b6-cf66-11ee-be26-e00af6801390","e4c7b585-cf66-11ee-b7e5-e00af6801390","2023-01-14"
"e4c990b7-cf66-11ee-a174-e00af6801390","e4c78e50-cf66-11ee-81b9-e00af6801390","2022-03-15"
"e4c990b8-cf66-11ee-897c-e00af6801390","e4c803a7-cf66-11ee-b7b8-e00af6801390","2022-04-09"
"e4c990b9-cf66-11ee-a812-e00af6801390","e4c851d0-cf66-11ee-bd1a-e00af6801390","2023-03-20"
"e4c990ba-cf66-11ee-9cbe-e00af6801390","e4c851c6-cf66-11ee-9d73-e00af6801390","2023-05-21"
"e4c990bb-cf66-11ee-8831-e00af6801390","e4c87cd2-cf66-11ee-adb8-e00af6801390","2022-08-06"
"e4c990bc-cf66-11ee-81df-e00af6801390","e4c7b54a-cf66-11ee-879c-e00af6801390","2022-04-14"
"e4c990bd-cf66-11ee-82f4-e00af6801390","e4c7dc90-cf66-11ee-8c3b-e00af6801390","2022-07-03"
"e4c990be-cf66-11ee-a5b1-e00af6801390","e4c78e76-cf66-11ee-8b4c-e00af6801390","2022-06-19"
"e4c990bf-cf66-11ee-9785-e00af6801390","e4c82a9a-cf66-11ee-923a-e00af6801390","2022-07-01"
"e4c990c0-cf66-11ee-892b-e00af6801390","e4c7b582-cf66-11ee-a429-e00af6801390","2023-01-22"
"e4c990c1-cf66-11ee-a778-e00af6801390","e4c7dc92-cf66-11ee-b969-e00af6801390","2022-12-28"
"e4c990c2-cf66-11ee-9e80-e00af6801390","e4c78e7c-cf66-11ee-a614-e00af6801390","2022-05-03"
"e4c990c3-cf66-11ee-85cd-e00af6801390","e4c7673b-cf66-11ee-856d-e00af6801390","2023-04-21"
"e4c990c4-cf66-11ee-9761-e00af6801390","e4c78e7f-cf66-11ee-9bc8-e00af6801390","2023-01-12"
"e4c990c5-cf66-11ee-974d-e00af6801390","e4c82aae-cf66-11ee-87e0-e00af6801390","2023-08-22"
"e4c990c6-cf66-11ee-95f7-e00af6801390","e4c76765-cf66-11ee-9bc2-e00af6801390","2023-03-28"
"e4c990c7-cf66-11ee-b447-e00af6801390","e4c82aba-cf66-11ee-bfc8-e00af6801390","2022-08-12"
"e4c990c8-cf66-11ee-8c3d-e00af6801390","e4c7dc5a-cf66-11ee-bcf9-e00af6801390","2023-06-03"
"e4c990c9-cf66-11ee-849e-e00af6801390","e4c7b576-cf66-11ee-b8da-e00af6801390","2023-07-26"
"e4c990ca-cf66-11ee-90c6-e00af6801390","e4c851b8-cf66-11ee-9935-e00af6801390","2023-04-17"
"e4c990cb-cf66-11ee-a724-e00af6801390","e4c76730-cf66-11ee-8039-e00af6801390","2023-03-19"
"e4c990cc-cf66-11ee-8681-e00af6801390","e4c76762-cf66-11ee-aee7-e00af6801390","2022-03-26"
"e4c990cd-cf66-11ee-9437-e00af6801390","e4c7dc7e-cf66-11ee-a0f5-e00af6801390","2022-04-24"
"e4c990ce-cf66-11ee-855d-e00af6801390","e4c85195-cf66-11ee-a97f-e00af6801390","2022-10-17"
"e4c990cf-cf66-11ee-b8ed-e00af6801390","e4c87cc4-cf66-11ee-b111-e00af6801390","2022-11-30"
"e4c990d0-cf66-11ee-8182-e00af6801390","e4c7674c-cf66-11ee-9a28-e00af6801390","2023-01-14"
"e4c990d1-cf66-11ee-a280-e00af6801390","e4c87cd3-cf66-11ee-934d-e00af6801390","2022-04-17"
"e4c990d2-cf66-11ee-a833-e00af6801390","e4c78e45-cf66-11ee-9b85-e00af6801390","2023-04-23"
"e4c990d3-cf66-11ee-b276-e00af6801390","e4c78e70-cf66-11ee-9c45-e00af6801390","2023-11-24"
"e4c990d4-cf66-11ee-b358-e00af6801390","e4c851aa-cf66-11ee-a242-e00af6801390","2022-10-20"
"e4c990d5-cf66-11ee-9f70-e00af6801390","e4c7dc89-cf66-11ee-b004-e00af6801390","2022-12-26"
"e4c990d6-cf66-11ee-beba-e00af6801390","e4c80369-cf66-11ee-997b-e00af6801390","2023-10-05"
"e4c990d7-cf66-11ee-97eb-e00af6801390","e4c851bd-cf66-11ee-a1aa-e00af6801390","2022-09-18"
"e4c990d8-cf66-11ee-add6-e00af6801390","e4c82ac1-cf66-11ee-8be3-e00af6801390","2023-02-23"
"e4c9b79b-cf66-11ee-a203-e00af6801390","e4c7b582-cf66-11ee-a429-e00af6801390","2022-07-17"
"e4c9b79c-cf66-11ee-b788-e00af6801390","e4c7b584-cf66-11ee-a6b8-e00af6801390","2022-11-24"
"e4c9b79d-cf66-11ee-9e69-e00af6801390","e4c7b571-cf66-11ee-b4e2-e00af6801390","2022-06-09"
"e4c9b79e-cf66-11ee-825a-e00af6801390","e4c7b582-cf66-11ee-a429-e00af6801390","2023-04-14"
"e4c9b79f-cf66-11ee-b8c9-e00af6801390","e4c7dc62-cf66-11ee-b90a-e00af6801390","2022-03-31"
"e4c9b7a0-cf66-11ee-8adb-e00af6801390","e4c851d0-cf66-11ee-bd1a-e00af6801390","2022-05-23"
"e4c9b7a1-cf66-11ee-a3fa-e00af6801390","e4c8518c-cf66-11ee-845a-e00af6801390","2023-12-24"
"e4c9b7a2-cf66-11ee-b5e1-e00af6801390","e4c7dc5f-cf66-11ee-82b7-e00af6801390","2022-12-16"
"e4c9b7a3-cf66-11ee-956e-e00af6801390","e4c76743-cf66-11ee-8c0c-e00af6801390","2023-10-03"
"e4c9b7a4-cf66-11ee-bc2c-e00af6801390","e4c7dc66-cf66-11ee-935d-e00af6801390","2022-05-09"
"e4c9b7a5-cf66-11ee-ae8c-e00af6801390","e4c7675b-cf66-11ee-b05b-e00af6801390","2023-11-18"
"e4c9b7a6-cf66-11ee-ba13-e00af6801390","e4c76743-cf66-11ee-8c0c-e00af6801390","2022-11-20"
"e4c9b7a7-cf66-11ee-9e40-e00af6801390","e4c78e7b-cf66-11ee-852e-e00af6801390","2023-11-14"
"e4c9b7a8-cf66-11ee-a1f9-e00af6801390","e4c7b569-cf66-11ee-8893-e00af6801390","2023-12-26"
"e4c9b7a9-cf66-11ee-834f-e00af6801390","e4c7b583-cf66-11ee-8ff4-e00af6801390","2023-05-10"
"e4c9b7aa-cf66-11ee-9b10-e00af6801390","e4c851a9-cf66-11ee-b744-e00af6801390","2022-11-20"
"e4c9b7ab-cf66-11ee-aa85-e00af6801390","e4c85190-cf66-11ee-8753-e00af6801390","2023-10-01"
"e4c9b7ac-cf66-11ee-ac5d-e00af6801390","e4c851b8-cf66-11ee-9935-e00af6801390","2023-08-20"
"e4c9b7ad-cf66-11ee-b1c1-e00af6801390","e4c803a5-cf66-11ee-8ce9-e00af6801390","2022-09-12"
"e4c9b7ae-cf66-11ee-bdb3-e00af6801390","e4c80377-cf66-11ee-bb67-e00af6801390","2023-07-27"
"e4c9b7af-cf66-11ee-9bc6-e00af6801390","e4c82abc-cf66-11ee-bdeb-e00af6801390","2022-03-13"
"e4c9b7b0-cf66-11ee-95d0-e00af6801390","e4c7b57d-cf66-11ee-b2bb-e00af6801390","2023-07-06"
"e4c9b7b1-cf66-11ee-b605-e00af6801390","e4c87cce-cf66-11ee-bc8b-e00af6801390","2023-08-27"
"e4c9b7b2-cf66-11ee-bd99-e00af6801390","e4c78e71-cf66-11ee-b211-e00af6801390","2023-12-17"
"e4c9b7b3-cf66-11ee-b3aa-e00af6801390","e4c8038a-cf66-11ee-b07a-e00af6801390","2023-09-08"
"e4c9b7b4-cf66-11ee-b5f3-e00af6801390","e4c7b54f-cf66-11ee-8c79-e00af6801390","2023-06-07"
"e4c9b7b5-cf66-11ee-bad6-e00af6801390","e4c78e83-cf66-11ee-9a7c-e00af6801390","2023-01-14"
"e4c9b7b6-cf66-11ee-b5a5-e00af6801390","e4c7b54a-cf66-11ee-879c-e00af6801390","2023-02-03"
"e4c9b7b7-cf66-11ee-a7f2-e00af6801390","e4c78e76-cf66-11ee-8b4c-e00af6801390","2023-06-28"
"e4c9b7b8-cf66-11ee-9a1d-e00af6801390","e4c7dc73-cf66-11ee-879b-e00af6801390","2022-11-03"
"e4c9b7b9-cf66-11ee-84ae-e00af6801390","e4c851c3-cf66-11ee-814c-e00af6801390","2022-04-19"
"e4c9b7ba-cf66-11ee-b7d8-e00af6801390","e4c7675b-cf66-11ee-b05b-e00af6801390","2024-01-16"
"e4c9b7bb-cf66-11ee-a197-e00af6801390","e4c851b5-cf66-11ee-b4b4-e00af6801390","2023-10-12"
"e4c9b7bc-cf66-11ee-9e5e-e00af6801390","e4c85194-cf66-11ee-a0d4-e00af6801390","2023-10-11"
"e4c9b7bd-cf66-11ee-9dc2-e00af6801390","e4c78e5f-cf66-11ee-9aef-e00af6801390","2022-11-29"
"e4c9b7be-cf66-11ee-9a4f-e00af6801390","e4c7dc7d-cf66-11ee-bcf5-e00af6801390","2023-08-20"
"e4c9b7bf-cf66-11ee-ae01-e00af6801390","e4c7675b-cf66-11ee-b05b-e00af6801390","2022-11-04"
"e4c9b7c0-cf66-11ee-9774-e00af6801390","e4c7dc5b-cf66-11ee-add3-e00af6801390","2023-11-21"
"e4c9b7c1-cf66-11ee-bd03-e00af6801390","e4c76743-cf66-11ee-8c0c-e00af6801390","2022-03-06"
"e4c9b7c2-cf66-11ee-a6ef-e00af6801390","e4c7b565-cf66-11ee-bb01-e00af6801390","2023-06-11"
"e4c9b7c3-cf66-11ee-9b27-e00af6801390","e4c7b57f-cf66-11ee-85e0-e00af6801390","2022-05-22"
"e4c9b7c4-cf66-11ee-9f54-e00af6801390","e4c85196-cf66-11ee-bfe5-e00af6801390","2023-10-07"
"e4c9b7c5-cf66-11ee-aa37-e00af6801390","e4c851a3-cf66-11ee-b5cc-e00af6801390","2023-08-14"
"e4c9b7c6-cf66-11ee-b0f3-e00af6801390","e4c76740-cf66-11ee-98ab-e00af6801390","2022-05-09"
"e4c9b7c7-cf66-11ee-914a-e00af6801390","e4c80375-cf66-11ee-af40-e00af6801390","2023-02-10"
"e4c9b7c8-cf66-11ee-8bb7-e00af6801390","e4c851bc-cf66-11ee-b6a0-e00af6801390","2023-05-17"
"e4c9b7c9-cf66-11ee-a924-e00af6801390","e4c78e6d-cf66-11ee-9795-e00af6801390","2023-11-06"
"e4c9b7ca-cf66-11ee-8571-e00af6801390","e4c7675c-cf66-11ee-aa8d-e00af6801390","2023-09-30"
"e4c9b7cb-cf66-11ee-86b5-e00af6801390","e4c85199-cf66-11ee-b2af-e00af6801390","2023-08-22"
"e4c9b7cc-cf66-11ee-800f-e00af6801390","e4c82aa9-cf66-11ee-a1a9-e00af6801390","2022-07-09"
"e4c9b7cd-cf66-11ee-9acf-e00af6801390","e4c851ca-cf66-11ee-9b35-e00af6801390","2022-03-04"
"e4c9b7ce-cf66-11ee-8c01-e00af6801390","e4c87cc3-cf66-11ee-9fe8-e00af6801390","2022-03-03"
"e4c9b7cf-cf66-11ee-8e01-e00af6801390","e4c78e66-cf66-11ee-8684-e00af6801390","2023-07-02"
"e4c9b7d0-cf66-11ee-90e4-e00af6801390","e4c7b54f-cf66-11ee-8c79-e00af6801390","2022-03-06"
"e4c9b7d1-cf66-11ee-801d-e00af6801390","e4c87cda-cf66-11ee-b24a-e00af6801390","2022-12-26"
"e4c9b7d2-cf66-11ee-8fb9-e00af6801390","e4c7672f-cf66-11ee-9ca1-e00af6801390","2022-03-20"
"e4c9b7d3-cf66-11ee-8b7f-e00af6801390","e4c7dc96-cf66-11ee-a930-e00af6801390","2022-10-21"
"e4c9b7d4-cf66-11ee-801b-e00af6801390","e4c85193-cf66-11ee-8bb2-e00af6801390","2023-08-12"
"e4c9b7d5-cf66-11ee-a460-e00af6801390","e4c82aa7-cf66-11ee-98f7-e00af6801390","2022-11-15"
"e4c9b7d6-cf66-11ee-9970-e00af6801390","e4c78e5c-cf66-11ee-99fa-e00af6801390","2023-11-23"
"e4c9b7d7-cf66-11ee-9d95-e00af6801390","e4c76744-cf66-11ee-94ee-e00af6801390","2023-04-19"
"e4c9b7d8-cf66-11ee-ac71-e00af6801390","e4c7dc99-cf66-11ee-8dbc-e00af6801390","2022-12-18"
"e4c9b7d9-cf66-11ee-add5-e00af6801390","e4c851c3-cf66-11ee-814c-e00af6801390","2022-10-15"
"e4c9b7da-cf66-11ee-859f-e00af6801390","e4c78e7d-cf66-11ee-8fb0-e00af6801390","2022-10-31"
"e4c9b7db-cf66-11ee-afa3-e00af6801390","e4c78e7c-cf66-11ee-a614-e00af6801390","2023-04-23"
"e4c9b7dc-cf66-11ee-9066-e00af6801390","e4c7401f-cf66-11ee-b722-e00af6801390","2023-09-20"
"e4c9b7dd-cf66-11ee-8e84-e00af6801390","e4c7b560-cf66-11ee-b686-e00af6801390","2022-04-28"
"e4c9b7de-cf66-11ee-b121-e00af6801390","e4c82ada-cf66-11ee-ab29-e00af6801390","2023-10-08"
"e4c9b7df-cf66-11ee-901f-e00af6801390","e4c82ab9-cf66-11ee-a2ee-e00af6801390","2023-01-23"
"e4c9b7e0-cf66-11ee-9c9e-e00af6801390","e4c76734-cf66-11ee-83bc-e00af6801390","2023-02-09"
"e4c9b7e1-cf66-11ee-8d53-e00af6801390","e4c82aba-cf66-11ee-bfc8-e00af6801390","2022-07-04"
"e4c9b7e2-cf66-11ee-ae72-e00af6801390","e4c7b551-cf66-11ee-a3cd-e00af6801390","2022-10-30"
"e4c9dea4-cf66-11ee-b9a9-e00af6801390","e4c851bd-cf66-11ee-a1aa-e00af6801390","2022-09-16"
"e4c9dea5-cf66-11ee-baa6-e00af6801390","e4c7b56e-cf66-11ee-bf26-e00af6801390","2023-01-26"
"e4c9dea6-cf66-11ee-807f-e00af6801390","e4c87cc4-cf66-11ee-b111-e00af6801390","2023-03-22"
"e4c9dea7-cf66-11ee-9585-e00af6801390","e4c82ac7-cf66-11ee-b7e2-e00af6801390","2023-01-18"
"e4c9dea8-cf66-11ee-ae9d-e00af6801390","e4c76751-cf66-11ee-a02d-e00af6801390","2023-12-09"
"e4c9dea9-cf66-11ee-ac37-e00af6801390","e4c82ad3-cf66-11ee-977f-e00af6801390","2022-04-09"
"e4c9deaa-cf66-11ee-886b-e00af6801390","e4c80385-cf66-11ee-8c92-e00af6801390","2022-10-29"
"e4c9deab-cf66-11ee-95d4-e00af6801390","e4c7b580-cf66-11ee-8063-e00af6801390","2022-07-01"
"e4c9deac-cf66-11ee-911c-e00af6801390","e4c76754-cf66-11ee-857f-e00af6801390","2022-07-08"
"e4c9dead-cf66-11ee-915e-e00af6801390","e4c80394-cf66-11ee-9e7a-e00af6801390","2022-08-24"
"e4c9deae-cf66-11ee-bb96-e00af6801390","e4c78e69-cf66-11ee-b245-e00af6801390","2023-02-12"
"e4c9deaf-cf66-11ee-9c9b-e00af6801390","e4c80366-cf66-11ee-a657-e00af6801390","2023-03-03"
"e4c9deb0-cf66-11ee-866c-e00af6801390","e4c8519f-cf66-11ee-b779-e00af6801390","2023-04-19"
"e4c9deb1-cf66-11ee-b2bb-e00af6801390","e4c80365-cf66-11ee-9af6-e00af6801390","2022-03-27"
"e4c9deb2-cf66-11ee-bc8f-e00af6801390","e4c7dc87-cf66-11ee-a20a-e00af6801390","2022-11-28"
"e4c9deb3-cf66-11ee-a3ea-e00af6801390","e4c78e59-cf66-11ee-8673-e00af6801390","2022-08-14"
"e4c9deb4-cf66-11ee-9edb-e00af6801390","e4c76738-cf66-11ee-8e87-e00af6801390","2023-05-09"
"e4c9deb5-cf66-11ee-ba31-e00af6801390","e4c7b57c-cf66-11ee-992b-e00af6801390","2023-12-26"
"e4c9deb6-cf66-11ee-a4a3-e00af6801390","e4c82aaf-cf66-11ee-8538-e00af6801390","2022-09-16"
"e4c9deb7-cf66-11ee-a010-e00af6801390","e4c87cca-cf66-11ee-8f90-e00af6801390","2022-06-25"
"e4c9deb8-cf66-11ee-a982-e00af6801390","e4c80388-cf66-11ee-ada4-e00af6801390","2023-09-19"
"e4c9deb9-cf66-11ee-b7da-e00af6801390","e4c851ba-cf66-11ee-ae60-e00af6801390","2023-06-11"
"e4c9deba-cf66-11ee-918b-e00af6801390","e4c80396-cf66-11ee-adc1-e00af6801390","2022-08-21"
"e4c9debb-cf66-11ee-b5de-e00af6801390","e4c78e5b-cf66-11ee-9f16-e00af6801390","2023-06-23"
"e4c9debc-cf66-11ee-98c0-e00af6801390","e4c8037c-cf66-11ee-a63c-e00af6801390","2022-04-08"
"e4c9debd-cf66-11ee-bf6e-e00af6801390","e4c7dc86-cf66-11ee-981f-e00af6801390","2023-08-11"
"e4c9debe-cf66-11ee-afc2-e00af6801390","e4c7b566-cf66-11ee-9aa1-e00af6801390","2022-07-09"
"e4c9debf-cf66-11ee-b68b-e00af6801390","e4c78e60-cf66-11ee-903f-e00af6801390","2023-01-17"
"e4c9dec0-cf66-11ee-bd94-e00af6801390","e4c851ac-cf66-11ee-8361-e00af6801390","2022-07-07"
"e4c9dec1-cf66-11ee-9e5b-e00af6801390","e4c78e60-cf66-11ee-903f-e00af6801390","2022-11-01"
"e4c9dec2-cf66-11ee-9e64-e00af6801390","e4c85196-cf66-11ee-bfe5-e00af6801390","2022-08-31"
"e4c9dec3-cf66-11ee-9c6f-e00af6801390","e4c7b570-cf66-11ee-bd62-e00af6801390","2022-05-03"
"e4c9dec4-cf66-11ee-a3d9-e00af6801390","e4c7dc61-cf66-11ee-b685-e00af6801390","2023-01-28"
"e4c9dec5-cf66-11ee-945e-e00af6801390","e4c82ab2-cf66-11ee-966d-e00af6801390","2022-09-18"
"e4c9dec6-cf66-11ee-96ae-e00af6801390","e4c78e54-cf66-11ee-876e-e00af6801390","2023-02-17"
"e4c9dec7-cf66-11ee-9bdc-e00af6801390","e4c76738-cf66-11ee-8e87-e00af6801390","2023-10-29"
"e4c9dec8-cf66-11ee-bbaf-e00af6801390","e4c76750-cf66-11ee-a2b9-e00af6801390","2023-06-24"
"e4c9dec9-cf66-11ee-89a4-e00af6801390","e4c76758-cf66-11ee-bcc2-e00af6801390","2022-03-30"
"e4c9deca-cf66-11ee-b682-e00af6801390","e4c851ab-cf66-11ee-9fc3-e00af6801390","2022-04-08"
"e4c9decb-cf66-11ee-bc21-e00af6801390","e4c87cd2-cf66-11ee-adb8-e00af6801390","2023-06-09"
"e4c9decc-cf66-11ee-9544-e00af6801390","e4c7673b-cf66-11ee-856d-e00af6801390","2023-09-06"
"e4c9decd-cf66-11ee-87b7-e00af6801390","e4c7674d-cf66-11ee-9be5-e00af6801390","2022-11-30"
"e4c9dece-cf66-11ee-988f-e00af6801390","e4c7b563-cf66-11ee-b9aa-e00af6801390","2022-12-25"
"e4c9decf-cf66-11ee-8a9e-e00af6801390","e4c851c1-cf66-11ee-90c9-e00af6801390","2022-04-24"
"e4c9ded0-cf66-11ee-bd11-e00af6801390","e4c7b55e-cf66-11ee-ba16-e00af6801390","2022-04-06"
"e4c9ded1-cf66-11ee-bc3c-e00af6801390","e4c82a9f-cf66-11ee-8af6-e00af6801390","2023-11-21"
"e4c9ded2-cf66-11ee-9f09-e00af6801390","e4c7dc8e-cf66-11ee-b267-e00af6801390","2023-05-23"
"e4c9ded3-cf66-11ee-b2bb-e00af6801390","e4c8518c-cf66-11ee-845a-e00af6801390","2022-11-05"
"e4c9ded4-cf66-11ee-a970-e00af6801390","e4c7b57f-cf66-11ee-85e0-e00af6801390","2023-08-17"
"e4c9ded5-cf66-11ee-a982-e00af6801390","e4c82ad6-cf66-11ee-8a1c-e00af6801390","2023-10-24"
"e4c9ded6-cf66-11ee-9a8d-e00af6801390","e4c76759-cf66-11ee-98dc-e00af6801390","2023-04-13"
"e4c9ded7-cf66-11ee-b21e-e00af6801390","e4c7dc81-cf66-11ee-b12f-e00af6801390","2023-03-28"
"e4c9ded8-cf66-11ee-9e28-e00af6801390","e4c851ae-cf66-11ee-bfa4-e00af6801390","2022-10-30"
"e4c9ded9-cf66-11ee-9aab-e00af6801390","e4c8036a-cf66-11ee-9c5b-e00af6801390","2022-03-26"
"e4c9deda-cf66-11ee-83b9-e00af6801390","e4c85198-cf66-11ee-9683-e00af6801390","2022-09-21"
"e4c9dedb-cf66-11ee-9edf-e00af6801390","e4c8039e-cf66-11ee-b5ee-e00af6801390","2022-11-28"
"e4c9dedc-cf66-11ee-91ed-e00af6801390","e4c7dc7d-cf66-11ee-bcf5-e00af6801390","2022-05-05"
"e4c9dedd-cf66-11ee-b910-e00af6801390","e4c85197-cf66-11ee-ac77-e00af6801390","2023-09-12"
"e4c9dede-cf66-11ee-a01f-e00af6801390","e4c80392-cf66-11ee-bac4-e00af6801390","2022-08-09"
"e4c9dedf-cf66-11ee-8b88-e00af6801390","e4c82aa7-cf66-11ee-98f7-e00af6801390","2024-01-19"
"e4c9dee0-cf66-11ee-b088-e00af6801390","e4c8038e-cf66-11ee-bd3d-e00af6801390","2022-05-26"
"e4c9dee1-cf66-11ee-acc9-e00af6801390","e4c82aaf-cf66-11ee-8538-e00af6801390","2023-08-19"
"e4c9dee2-cf66-11ee-bbef-e00af6801390","e4c7dc98-cf66-11ee-a168-e00af6801390","2023-01-19"
"e4c9dee3-cf66-11ee-a233-e00af6801390","e4c76763-cf66-11ee-8fbf-e00af6801390","2022-12-18"
"e4c9dee4-cf66-11ee-b683-e00af6801390","e4c78e57-cf66-11ee-8f91-e00af6801390","2022-04-19"
"e4c9dee5-cf66-11ee-bd17-e00af6801390","e4c82aa2-cf66-11ee-bf79-e00af6801390","2022-04-13"
"e4c9dee6-cf66-11ee-81fe-e00af6801390","e4c7dc72-cf66-11ee-b679-e00af6801390","2022-12-06"
"e4c9dee7-cf66-11ee-9d8f-e00af6801390","e4c7b584-cf66-11ee-a6b8-e00af6801390","2023-05-15"
"e4c9dee8-cf66-11ee-ba43-e00af6801390","e4c76751-cf66-11ee-a02d-e00af6801390","2022-05-30"
"e4c9dee9-cf66-11ee-9a03-e00af6801390","e4c851c9-cf66-11ee-9755-e00af6801390","2023-11-12"
"e4c9deea-cf66-11ee-a924-e00af6801390","e4c82ac9-cf66-11ee-bb83-e00af6801390","2022-03-26"
"e4c9deeb-cf66-11ee-8790-e00af6801390","e4c82aa2-cf66-11ee-bf79-e00af6801390","2023-07-21"
"e4c9deec-cf66-11ee-8238-e00af6801390","e4c851b8-cf66-11ee-9935-e00af6801390","2023-08-17"
"e4c9deed-cf66-11ee-80db-e00af6801390","e4c7b572-cf66-11ee-97e2-e00af6801390","2022-12-16"
"e4ca05b8-cf66-11ee-80e4-e00af6801390","e4c7b577-cf66-11ee-b71a-e00af6801390","2023-07-25"
"e4ca05b9-cf66-11ee-98f2-e00af6801390","e4c82ada-cf66-11ee-ab29-e00af6801390","2022-10-29"
"e4ca05ba-cf66-11ee-ab4d-e00af6801390","e4c7b577-cf66-11ee-b71a-e00af6801390","2023-04-05"
"e4ca05bb-cf66-11ee-b4dc-e00af6801390","e4c7675f-cf66-11ee-8352-e00af6801390","2022-06-29"
"e4ca05bc-cf66-11ee-b1dd-e00af6801390","e4c82aab-cf66-11ee-8a4d-e00af6801390","2023-02-22"
"e4ca05bd-cf66-11ee-9693-e00af6801390","e4c7dc92-cf66-11ee-b969-e00af6801390","2022-12-01"
"e4ca05be-cf66-11ee-96e6-e00af6801390","e4c851ba-cf66-11ee-ae60-e00af6801390","2023-05-16"
"e4ca05bf-cf66-11ee-9030-e00af6801390","e4c80367-cf66-11ee-abf5-e00af6801390","2023-02-07"
"e4ca05c0-cf66-11ee-9a04-e00af6801390","e4c7b562-cf66-11ee-8cf4-e00af6801390","2022-10-02"
"e4ca05c1-cf66-11ee-b009-e00af6801390","e4c7b560-cf66-11ee-b686-e00af6801390","2022-10-13"
"e4ca05c2-cf66-11ee-84ff-e00af6801390","e4c7401f-cf66-11ee-b722-e00af6801390","2022-04-14"
"e4ca05c3-cf66-11ee-ae8a-e00af6801390","e4c851a9-cf66-11ee-b744-e00af6801390","2022-06-21"
"e4ca05c4-cf66-11ee-8d17-e00af6801390","e4c82ac7-cf66-11ee-b7e2-e00af6801390","2022-05-31"
"e4ca05c5-cf66-11ee-b53b-e00af6801390","e4c7675b-cf66-11ee-b05b-e00af6801390","2022-04-07"
"e4ca05c6-cf66-11ee-9e88-e00af6801390","e4c78e57-cf66-11ee-8f91-e00af6801390","2022-12-09"
"e4ca05c7-cf66-11ee-9db6-e00af6801390","e4c78e4d-cf66-11ee-97b2-e00af6801390","2023-09-27"
"e4ca05c8-cf66-11ee-a9e1-e00af6801390","e4c82ac8-cf66-11ee-bcd5-e00af6801390","2022-11-09"
"e4ca05c9-cf66-11ee-b17f-e00af6801390","e4c82ad9-cf66-11ee-9113-e00af6801390","2022-06-14"
"e4ca05ca-cf66-11ee-bfaa-e00af6801390","e4c7dc7b-cf66-11ee-9094-e00af6801390","2022-12-04"
"e4ca05cb-cf66-11ee-86b1-e00af6801390","e4c78e5e-cf66-11ee-9a22-e00af6801390","2022-11-05"
"e4ca05cc-cf66-11ee-9e63-e00af6801390","e4c82ac7-cf66-11ee-b7e2-e00af6801390","2023-03-23"
"e4ca05cd-cf66-11ee-a47a-e00af6801390","e4c7dc64-cf66-11ee-93b7-e00af6801390","2022-12-31"
"e4ca05ce-cf66-11ee-96f3-e00af6801390","e4c7b56f-cf66-11ee-b761-e00af6801390","2023-02-25"
"e4ca05cf-cf66-11ee-b26a-e00af6801390","e4c8039e-cf66-11ee-b5ee-e00af6801390","2024-01-17"
"e4ca05d0-cf66-11ee-bbf3-e00af6801390","e4c7dc6e-cf66-11ee-b6af-e00af6801390","2023-01-01"
"e4ca05d1-cf66-11ee-98a6-e00af6801390","e4c85192-cf66-11ee-b517-e00af6801390","2023-08-08"
"e4ca05d2-cf66-11ee-bcd4-e00af6801390","e4c78e6f-cf66-11ee-8d59-e00af6801390","2022-10-04"
"e4ca05d3-cf66-11ee-a7c2-e00af6801390","e4c7dc5c-cf66-11ee-bcc3-e00af6801390","2022-03-11"
"e4ca05d4-cf66-11ee-b084-e00af6801390","e4c80385-cf66-11ee-8c92-e00af6801390","2022-10-30"
"e4ca05d5-cf66-11ee-bb64-e00af6801390","e4c78e55-cf66-11ee-ad89-e00af6801390","2023-02-26"
"e4ca05d6-cf66-11ee-ab1e-e00af6801390","e4c851b0-cf66-11ee-b7de-e00af6801390","2022-03-05"
"e4ca05d7-cf66-11ee-8c4e-e00af6801390","e4c8039a-cf66-11ee-90a4-e00af6801390","2023-09-21"
"e4ca05d8-cf66-11ee-999a-e00af6801390","e4c7b550-cf66-11ee-a273-e00af6801390","2023-07-31"
"e4ca05d9-cf66-11ee-8467-e00af6801390","e4c851a4-cf66-11ee-b1ff-e00af6801390","2022-10-30"
"e4ca05da-cf66-11ee-a9b9-e00af6801390","e4c7dc7b-cf66-11ee-9094-e00af6801390","2022-02-23"
"e4ca05db-cf66-11ee-bcfc-e00af6801390","e4c851bb-cf66-11ee-9ec3-e00af6801390","2023-10-26"
"e4ca05dc-cf66-11ee-80af-e00af6801390","e4c82ab9-cf66-11ee-a2ee-e00af6801390","2023-10-16"
"e4ca05dd-cf66-11ee-8383-e00af6801390","e4c7dc68-cf66-11ee-a94d-e00af6801390","2023-06-18"
"e4ca05de-cf66-11ee-8b2a-e00af6801390","e4c7dc7b-cf66-11ee-9094-e00af6801390","2022-06-13"
"e4ca05df-cf66-11ee-b48e-e00af6801390","e4c7b588-cf66-11ee-9cae-e00af6801390","2022-03-12"
"e4ca05e0-cf66-11ee-a77d-e00af6801390","e4c78e4d-cf66-11ee-97b2-e00af6801390","2023-01-19"
"e4ca05e1-cf66-11ee-9b16-e00af6801390","e4c76762-cf66-11ee-aee7-e00af6801390","2022-03-02"
"e4ca05e2-cf66-11ee-8598-e00af6801390","e4c78e45-cf66-11ee-9b85-e00af6801390","2022-03-15"
"e4ca05e3-cf66-11ee-ba95-e00af6801390","e4c85192-cf66-11ee-b517-e00af6801390","2023-08-23"
"e4ca05e4-cf66-11ee-987e-e00af6801390","e4c7b580-cf66-11ee-8063-e00af6801390","2023-12-23"
"e4ca05e5-cf66-11ee-b8b5-e00af6801390","e4c8037a-cf66-11ee-988d-e00af6801390","2023-10-08"
"e4ca05e6-cf66-11ee-a7f9-e00af6801390","e4c7673d-cf66-11ee-b9f7-e00af6801390","2023-03-30"
"e4ca05e7-cf66-11ee-9272-e00af6801390","e4c7b589-cf66-11ee-8b73-e00af6801390","2023-04-12"
"e4ca05e8-cf66-11ee-ba37-e00af6801390","e4c7dc99-cf66-11ee-8dbc-e00af6801390","2023-01-28"
"e4ca05e9-cf66-11ee-a0e2-e00af6801390","e4c851cc-cf66-11ee-9e3a-e00af6801390","2023-05-10"
"e4ca05ea-cf66-11ee-80c9-e00af6801390","e4c80380-cf66-11ee-b8ac-e00af6801390","2024-01-14"
"e4ca05eb-cf66-11ee-b7f0-e00af6801390","e4c82abf-cf66-11ee-80a1-e00af6801390","2023-11-19"
"e4ca05ec-cf66-11ee-99da-e00af6801390","e4c76741-cf66-11ee-be28-e00af6801390","2023-03-18"
"e4ca05ed-cf66-11ee-ac80-e00af6801390","e4c7b553-cf66-11ee-aa1f-e00af6801390","2022-12-10"
"e4ca05ee-cf66-11ee-9d95-e00af6801390","e4c7b556-cf66-11ee-a290-e00af6801390","2022-04-01"
"e4ca05ef-cf66-11ee-ab10-e00af6801390","e4c78e80-cf66-11ee-bce4-e00af6801390","2023-07-04"
"e4ca05f0-cf66-11ee-9d15-e00af6801390","e4c7dc83-cf66-11ee-9882-e00af6801390","2023-05-21"
"e4ca05f1-cf66-11ee-ad9f-e00af6801390","e4c80390-cf66-11ee-a582-e00af6801390","2023-08-24"
"e4ca05f2-cf66-11ee-a8f1-e00af6801390","e4c7675e-cf66-11ee-93d4-e00af6801390","2023-10-09"
"e4ca05f3-cf66-11ee-bb81-e00af6801390","e4c78e61-cf66-11ee-beec-e00af6801390","2023-10-13"
"e4ca05f4-cf66-11ee-bdbc-e00af6801390","e4c7b565-cf66-11ee-bb01-e00af6801390","2022-07-18"
"e4ca05f5-cf66-11ee-8da3-e00af6801390","e4c7dc98-cf66-11ee-a168-e00af6801390","2023-01-18"
"e4ca05f6-cf66-11ee-b70f-e00af6801390","e4c82ab6-cf66-11ee-9caa-e00af6801390","2023-05-20"
"e4ca05f7-cf66-11ee-beba-e00af6801390","e4c851bf-cf66-11ee-bfdb-e00af6801390","2023-05-25"
"e4ca05f8-cf66-11ee-8f4a-e00af6801390","e4c851a2-cf66-11ee-baa5-e00af6801390","2023-02-22"
"e4ca05f9-cf66-11ee-b151-e00af6801390","e4c8036c-cf66-11ee-b864-e00af6801390","2023-09-26"
"e4ca05fa-cf66-11ee-a3f0-e00af6801390","e4c85196-cf66-11ee-bfe5-e00af6801390","2022-10-02"
"e4ca05fb-cf66-11ee-8d18-e00af6801390","e4c76759-cf66-11ee-98dc-e00af6801390","2022-02-23"
"e4ca05fc-cf66-11ee-9361-e00af6801390","e4c87cc3-cf66-11ee-9fe8-e00af6801390","2022-07-15"
"e4ca05fd-cf66-11ee-ba19-e00af6801390","e4c78e5c-cf66-11ee-99fa-e00af6801390","2022-12-13"
"e4ca2cc5-cf66-11ee-9f88-e00af6801390","e4c80398-cf66-11ee-aa26-e00af6801390","2023-01-01"
"e4ca2cc6-cf66-11ee-89d7-e00af6801390","e4c82aa4-cf66-11ee-b748-e00af6801390","2023-03-03"
"e4ca2cc7-cf66-11ee-9bc1-e00af6801390","e4c78e4c-cf66-11ee-bfed-e00af6801390","2022-12-18"
"e4ca2cc8-cf66-11ee-813d-e00af6801390","e4c78e58-cf66-11ee-ba0c-e00af6801390","2023-10-14"
"e4ca2cc9-cf66-11ee-ba4e-e00af6801390","e4c7dc93-cf66-11ee-8aa3-e00af6801390","2023-04-02"
"e4ca2cca-cf66-11ee-81b9-e00af6801390","e4c7dc60-cf66-11ee-a73c-e00af6801390","2023-08-30"
"e4ca2ccb-cf66-11ee-baeb-e00af6801390","e4c7b556-cf66-11ee-a290-e00af6801390","2022-03-24"
"e4ca2ccc-cf66-11ee-90f8-e00af6801390","e4c80399-cf66-11ee-b1ee-e00af6801390","2023-09-17"
"e4ca2ccd-cf66-11ee-8d4c-e00af6801390","e4c87cd5-cf66-11ee-83e5-e00af6801390","2023-02-01"
"e4ca2cce-cf66-11ee-8bc1-e00af6801390","e4c85191-cf66-11ee-ba73-e00af6801390","2022-07-21"
"e4ca2ccf-cf66-11ee-9605-e00af6801390","e4c78e7e-cf66-11ee-b1fc-e00af6801390","2022-05-01"
"e4ca2cd0-cf66-11ee-ae52-e00af6801390","e4c78e84-cf66-11ee-abbc-e00af6801390","2023-06-14"
"e4ca2cd1-cf66-11ee-b64e-e00af6801390","e4c851b3-cf66-11ee-9866-e00af6801390","2022-05-24"
"e4ca2cd2-cf66-11ee-a698-e00af6801390","e4c78e48-cf66-11ee-abc1-e00af6801390","2022-08-07"
"e4ca2cd3-cf66-11ee-9b8e-e00af6801390","e4c7dc6e-cf66-11ee-b6af-e00af6801390","2023-03-04"
"e4ca2cd4-cf66-11ee-bab0-e00af6801390","e4c82aa8-cf66-11ee-87b9-e00af6801390","2023-04-11"
"e4ca2cd5-cf66-11ee-a98f-e00af6801390","e4c7dc99-cf66-11ee-8dbc-e00af6801390","2022-05-28"
"e4ca2cd6-cf66-11ee-8641-e00af6801390","e4c85189-cf66-11ee-a44b-e00af6801390","2023-10-09"
"e4ca2cd7-cf66-11ee-833d-e00af6801390","e4c851c5-cf66-11ee-9475-e00af6801390","2023-08-06"
"e4ca2cd8-cf66-11ee-9907-e00af6801390","e4c7dc90-cf66-11ee-8c3b-e00af6801390","2023-12-23"
"e4ca2cd9-cf66-11ee-9dda-e00af6801390","e4c7dc77-cf66-11ee-aac6-e00af6801390","2023-11-14"
"e4ca2cda-cf66-11ee-bd1b-e00af6801390","e4c78e57-cf66-11ee-8f91-e00af6801390","2022-09-19"
"e4ca2cdb-cf66-11ee-8bed-e00af6801390","e4c8036c-cf66-11ee-b864-e00af6801390","2023-08-09"
"e4ca2cdc-cf66-11ee-b7a8-e00af6801390","e4c7b55b-cf66-11ee-8984-e00af6801390","2022-06-11"
"e4ca2cdd-cf66-11ee-b7a3-e00af6801390","e4c78e80-cf66-11ee-bce4-e00af6801390","2023-06-13"
"e4ca2cde-cf66-11ee-8d36-e00af6801390","e4c82ac7-cf66-11ee-b7e2-e00af6801390","2023-07-15"
"e4ca2cdf-cf66-11ee-9a7f-e00af6801390","e4c80365-cf66-11ee-9af6-e00af6801390","2024-01-14"
"e4ca2ce0-cf66-11ee-af42-e00af6801390","e4c85195-cf66-11ee-a97f-e00af6801390","2022-06-29"
"e4ca2ce1-cf66-11ee-865b-e00af6801390","e4c82ad7-cf66-11ee-bd65-e00af6801390","2022-05-17"
"e4ca2ce2-cf66-11ee-a4a1-e00af6801390","e4c8037d-cf66-11ee-9207-e00af6801390","2023-06-15"
"e4ca2ce3-cf66-11ee-9b12-e00af6801390","e4c7b57c-cf66-11ee-992b-e00af6801390","2023-12-26"
"e4ca2ce4-cf66-11ee-aae7-e00af6801390","e4c7dc5d-cf66-11ee-a0de-e00af6801390","2022-11-06"
"e4ca2ce5-cf66-11ee-8fe6-e00af6801390","e4c76766-cf66-11ee-944a-e00af6801390","2022-08-17"
"e4ca2ce6-cf66-11ee-930c-e00af6801390","e4c851b7-cf66-11ee-b41f-e00af6801390","2023-10-08"
"e4ca2ce7-cf66-11ee-a27d-e00af6801390","e4c7dc64-cf66-11ee-93b7-e00af6801390","2022-12-24"
"e4ca2ce8-cf66-11ee-987a-e00af6801390","e4c7dc5d-cf66-11ee-a0de-e00af6801390","2022-02-27"
"e4ca2ce9-cf66-11ee-8d72-e00af6801390","e4c8518d-cf66-11ee-89d1-e00af6801390","2023-10-21"
"e4ca2cea-cf66-11ee-a1f9-e00af6801390","e4c7b569-cf66-11ee-8893-e00af6801390","2022-04-27"
"e4ca2ceb-cf66-11ee-9ff6-e00af6801390","e4c80372-cf66-11ee-b9c5-e00af6801390","2023-03-27"
"e4ca2cec-cf66-11ee-ad33-e00af6801390","e4c78e7b-cf66-11ee-852e-e00af6801390","2022-09-11"
"e4ca2ced-cf66-11ee-8958-e00af6801390","e4c80399-cf66-11ee-b1ee-e00af6801390","2023-06-11"
"e4ca2cee-cf66-11ee-9a36-e00af6801390","e4c7675e-cf66-11ee-93d4-e00af6801390","2023-10-26"
"e4ca2cef-cf66-11ee-add0-e00af6801390","e4c7b553-cf66-11ee-aa1f-e00af6801390","2023-01-28"
"e4ca2cf0-cf66-11ee-801f-e00af6801390","e4c85198-cf66-11ee-9683-e00af6801390","2023-09-18"
"e4ca2cf1-cf66-11ee-8bbb-e00af6801390","e4c76733-cf66-11ee-afbd-e00af6801390","2023-08-10"
"e4ca2cf2-cf66-11ee-a088-e00af6801390","e4c7dc84-cf66-11ee-9d11-e00af6801390","2022-11-19"
"e4ca2cf3-cf66-11ee-8746-e00af6801390","e4c82abc-cf66-11ee-bdeb-e00af6801390","2023-01-08"
"e4ca2cf4-cf66-11ee-a104-e00af6801390","e4c76751-cf66-11ee-a02d-e00af6801390","2023-07-04"
"e4ca2cf5-cf66-11ee-95ea-e00af6801390","e4c76765-cf66-11ee-9bc2-e00af6801390","2022-05-02"
"e4ca2cf6-cf66-11ee-b205-e00af6801390","e4c7b557-cf66-11ee-8001-e00af6801390","2024-01-08"
"e4ca2cf7-cf66-11ee-b095-e00af6801390","e4c851a7-cf66-11ee-9516-e00af6801390","2023-09-21"
"e4ca2cf8-cf66-11ee-9d1f-e00af6801390","e4c7b578-cf66-11ee-a1f2-e00af6801390","2023-08-20"
"e4ca2cf9-cf66-11ee-842f-e00af6801390","e4c87cd5-cf66-11ee-83e5-e00af6801390","2023-06-06"
"e4ca2cfa-cf66-11ee-9ac3-e00af6801390","e4c7672f-cf66-11ee-9ca1-e00af6801390","2022-06-15"
"e4ca2cfb-cf66-11ee-810c-e00af6801390","e4c7dc97-cf66-11ee-a90e-e00af6801390","2022-07-03"
"e4ca2cfc-cf66-11ee-a66b-e00af6801390","e4c78e50-cf66-11ee-81b9-e00af6801390","2023-02-23"
"e4ca2cfd-cf66-11ee-92cf-e00af6801390","e4c82abd-cf66-11ee-9411-e00af6801390","2022-09-02"
"e4ca2cfe-cf66-11ee-a92f-e00af6801390","e4c80381-cf66-11ee-a5fb-e00af6801390","2022-04-15"
"e4ca2cff-cf66-11ee-bb40-e00af6801390","e4c7dc96-cf66-11ee-a930-e00af6801390","2022-07-20"
"e4ca2d00-cf66-11ee-9feb-e00af6801390","e4c7673e-cf66-11ee-85a1-e00af6801390","2022-08-27"
"e4ca2d01-cf66-11ee-ab6f-e00af6801390","e4c7dc7e-cf66-11ee-a0f5-e00af6801390","2022-12-09"
"e4ca2d02-cf66-11ee-8af2-e00af6801390","e4c7b573-cf66-11ee-9fed-e00af6801390","2022-12-12"
"e4ca2d03-cf66-11ee-aaed-e00af6801390","e4c7b570-cf66-11ee-bd62-e00af6801390","2022-09-15"
"e4ca2d04-cf66-11ee-8140-e00af6801390","e4c7b557-cf66-11ee-8001-e00af6801390","2023-07-15"
"e4ca2d05-cf66-11ee-921f-e00af6801390","e4c8036f-cf66-11ee-ad6a-e00af6801390","2023-08-13"
"e4ca2d06-cf66-11ee-b168-e00af6801390","e4c87cd1-cf66-11ee-ad69-e00af6801390","2023-02-05"
"e4ca2d07-cf66-11ee-9287-e00af6801390","e4c7dc99-cf66-11ee-8dbc-e00af6801390","2023-09-01"
"e4ca2d08-cf66-11ee-aa6f-e00af6801390","e4c82ab1-cf66-11ee-a5f0-e00af6801390","2023-02-27"
"e4ca2d09-cf66-11ee-9a05-e00af6801390","e4c82a9d-cf66-11ee-b0fa-e00af6801390","2022-05-23"
"e4ca2d0a-cf66-11ee-bd65-e00af6801390","e4c7b55a-cf66-11ee-a8a0-e00af6801390","2023-09-29"
"e4ca2d0b-cf66-11ee-a58d-e00af6801390","e4c87ccc-cf66-11ee-8f45-e00af6801390","2022-06-23"
"e4ca2d0c-cf66-11ee-b570-e00af6801390","e4c8039a-cf66-11ee-90a4-e00af6801390","2022-04-13"
"e4ca53d5-cf66-11ee-bf01-e00af6801390","e4c82ac7-cf66-11ee-b7e2-e00af6801390","2022-10-16"
"e4ca53d6-cf66-11ee-892a-e00af6801390","e4c7675f-cf66-11ee-8352-e00af6801390","2022-04-28"
"e4ca53d7-cf66-11ee-a1e5-e00af6801390","e4c80380-cf66-11ee-b8ac-e00af6801390","2024-01-01"
"e4ca53d8-cf66-11ee-9d89-e00af6801390","e4c803a4-cf66-11ee-a5ac-e00af6801390","2023-01-05"
"e4ca53d9-cf66-11ee-bda4-e00af6801390","e4c7b551-cf66-11ee-a3cd-e00af6801390","2023-02-22"
"e4ca53da-cf66-11ee-b978-e00af6801390","e4c82ac0-cf66-11ee-8234-e00af6801390","2023-02-09"
"e4ca53db-cf66-11ee-b463-e00af6801390","e4c87cd5-cf66-11ee-83e5-e00af6801390","2022-08-06"
"e4ca53dc-cf66-11ee-ad3c-e00af6801390","e4c7672c-cf66-11ee-9dba-e00af6801390","2022-02-25"
"e4ca53dd-cf66-11ee-b17b-e00af6801390","e4c78e6f-cf66-11ee-8d59-e00af6801390","2022-08-19"
"e4ca53de-cf66-11ee-95fa-e00af6801390","e4c76737-cf66-11ee-a47c-e00af6801390","2022-05-20"
"e4ca53df-cf66-11ee-8b18-e00af6801390","e4c7dc80-cf66-11ee-bcbf-e00af6801390","2023-05-09"
"e4ca53e0-cf66-11ee-b8bb-e00af6801390","e4c851b5-cf66-11ee-b4b4-e00af6801390","2023-03-02"
"e4ca53e1-cf66-11ee-9360-e00af6801390","e4c8037a-cf66-11ee-988d-e00af6801390","2023-05-12"
"e4ca53e2-cf66-11ee-a5d3-e00af6801390","e4c7b559-cf66-11ee-a2c3-e00af6801390","2022-08-22"
"e4ca53e3-cf66-11ee-a68d-e00af6801390","e4c8519b-cf66-11ee-8e62-e00af6801390","2022-08-08"
"e4ca53e4-cf66-11ee-845d-e00af6801390","e4c82acf-cf66-11ee-8545-e00af6801390","2023-06-20"
"e4ca53e5-cf66-11ee-9d25-e00af6801390","e4c8519d-cf66-11ee-aee2-e00af6801390","2022-12-02"
"e4ca53e6-cf66-11ee-88e2-e00af6801390","e4c8518a-cf66-11ee-ae66-e00af6801390","2023-12-28"
"e4ca53e7-cf66-11ee-b65d-e00af6801390","e4c7dc5b-cf66-11ee-add3-e00af6801390","2022-11-18"
"e4ca53e8-cf66-11ee-a323-e00af6801390","e4c78e5c-cf66-11ee-99fa-e00af6801390","2023-02-11"
"e4ca53e9-cf66-11ee-bac9-e00af6801390","e4c851bf-cf66-11ee-bfdb-e00af6801390","2023-12-22"
"e4ca53ea-cf66-11ee-b879-e00af6801390","e4c8039d-cf66-11ee-8444-e00af6801390","2023-09-11"
"e4ca53eb-cf66-11ee-b3f7-e00af6801390","e4c82ac1-cf66-11ee-8be3-e00af6801390","2023-06-15"
"e4ca53ec-cf66-11ee-88e6-e00af6801390","e4c803a8-cf66-11ee-b4a0-e00af6801390","2023-03-31"
"e4ca53ed-cf66-11ee-afac-e00af6801390","e4c851a3-cf66-11ee-b5cc-e00af6801390","2022-03-09"
"e4ca53ee-cf66-11ee-8827-e00af6801390","e4c7dc69-cf66-11ee-85de-e00af6801390","2023-03-24"
"e4ca53ef-cf66-11ee-9d82-e00af6801390","e4c78e7d-cf66-11ee-8fb0-e00af6801390","2022-03-11"
"e4ca53f0-cf66-11ee-bb1b-e00af6801390","e4c80378-cf66-11ee-871e-e00af6801390","2022-07-06"
"e4ca53f1-cf66-11ee-a49c-e00af6801390","e4c76735-cf66-11ee-8fac-e00af6801390","2023-08-23"
"e4ca53f2-cf66-11ee-9236-e00af6801390","e4c78e62-cf66-11ee-8883-e00af6801390","2023-06-30"
"e4ca53f3-cf66-11ee-9db1-e00af6801390","e4c851ce-cf66-11ee-b50f-e00af6801390","2023-08-19"
"e4ca53f4-cf66-11ee-88e8-e00af6801390","e4c80376-cf66-11ee-a4bf-e00af6801390","2023-07-23"
"e4ca53f5-cf66-11ee-9c21-e00af6801390","e4c80377-cf66-11ee-bb67-e00af6801390","2022-12-19"
"e4ca53f6-cf66-11ee-9858-e00af6801390","e4c80372-cf66-11ee-b9c5-e00af6801390","2023-01-03"
"e4ca53f7-cf66-11ee-84a5-e00af6801390","e4c851c5-cf66-11ee-9475-e00af6801390","2023-09-07"
"e4ca53f8-cf66-11ee-b992-e00af6801390","e4c7b56b-cf66-11ee-92f1-e00af6801390","2022-03-08"
"e4ca53f9-cf66-11ee-ab8c-e00af6801390","e4c82aae-cf66-11ee-87e0-e00af6801390","2022-09-21"
"e4ca53fa-cf66-11ee-848d-e00af6801390","e4c8036a-cf66-11ee-9c5b-e00af6801390","2022-05-29"
"e4ca53fb-cf66-11ee-a504-e00af6801390","e4c76745-cf66-11ee-9084-e00af6801390","2023-02-17"
"e4ca53fc-cf66-11ee-8df4-e00af6801390","e4c7b587-cf66-11ee-8442-e00af6801390","2022-05-20"
"e4ca53fd-cf66-11ee-80dd-e00af6801390","e4c82a9c-cf66-11ee-9081-e00af6801390","2023-03-22"
"e4ca53fe-cf66-11ee-b0d3-e00af6801390","e4c7401d-cf66-11ee-87de-e00af6801390","2023-06-24"
"e4ca53ff-cf66-11ee-bb2c-e00af6801390","e4c78e5d-cf66-11ee-941e-e00af6801390","2023-01-16"
"e4ca5400-cf66-11ee-b7b9-e00af6801390","e4c7b57c-cf66-11ee-992b-e00af6801390","2023-07-04"
"e4ca5401-cf66-11ee-9bb9-e00af6801390","e4c8036a-cf66-11ee-9c5b-e00af6801390","2022-05-09"
"e4ca5402-cf66-11ee-8fd5-e00af6801390","e4c7b576-cf66-11ee-b8da-e00af6801390","2023-12-31"
"e4ca5403-cf66-11ee-815f-e00af6801390","e4c851a3-cf66-11ee-b5cc-e00af6801390","2023-02-06"
"e4ca5404-cf66-11ee-8863-e00af6801390","e4c76760-cf66-11ee-93ce-e00af6801390","2022-09-09"
"e4ca5405-cf66-11ee-86b7-e00af6801390","e4c851a3-cf66-11ee-b5cc-e00af6801390","2023-10-01"
"e4ca5406-cf66-11ee-aea4-e00af6801390","e4c80384-cf66-11ee-998e-e00af6801390","2023-01-01"
"e4ca5407-cf66-11ee-aa6e-e00af6801390","e4c7dc94-cf66-11ee-9d80-e00af6801390","2022-11-17"
"e4ca5408-cf66-11ee-b204-e00af6801390","e4c7dc90-cf66-11ee-8c3b-e00af6801390","2022-12-16"
"e4ca5409-cf66-11ee-a590-e00af6801390","e4c7dc85-cf66-11ee-a3d5-e00af6801390","2022-04-29"
"e4ca540a-cf66-11ee-ab78-e00af6801390","e4c851ce-cf66-11ee-b50f-e00af6801390","2023-04-27"
"e4ca540b-cf66-11ee-821e-e00af6801390","e4c7dc5e-cf66-11ee-ac78-e00af6801390","2023-04-26"
"e4ca540c-cf66-11ee-af8c-e00af6801390","e4c78e5f-cf66-11ee-9aef-e00af6801390","2022-12-15"
"e4ca540d-cf66-11ee-96d7-e00af6801390","e4c7b558-cf66-11ee-abbf-e00af6801390","2022-09-02"
"e4ca540e-cf66-11ee-bf57-e00af6801390","e4c851b5-cf66-11ee-b4b4-e00af6801390","2023-01-20"
"e4ca540f-cf66-11ee-ad79-e00af6801390","e4c78e81-cf66-11ee-9c9e-e00af6801390","2023-09-15"
"e4ca5410-cf66-11ee-850b-e00af6801390","e4c76747-cf66-11ee-a484-e00af6801390","2023-09-14"
"e4ca5411-cf66-11ee-99c3-e00af6801390","e4c7b581-cf66-11ee-8891-e00af6801390","2022-03-19"
"e4ca5412-cf66-11ee-a0fe-e00af6801390","e4c7dc82-cf66-11ee-8e9a-e00af6801390","2023-09-05"
"e4ca5413-cf66-11ee-a259-e00af6801390","e4c8518a-cf66-11ee-ae66-e00af6801390","2023-01-31"
"e4ca5414-cf66-11ee-94cb-e00af6801390","e4c76762-cf66-11ee-aee7-e00af6801390","2023-06-15"
"e4ca5415-cf66-11ee-8751-e00af6801390","e4c7673a-cf66-11ee-970e-e00af6801390","2022-04-07"
"e4ca5416-cf66-11ee-9bf3-e00af6801390","e4c8518c-cf66-11ee-845a-e00af6801390","2023-12-04"
"e4ca5417-cf66-11ee-82aa-e00af6801390","e4c82ac0-cf66-11ee-8234-e00af6801390","2022-10-06"
"e4ca5418-cf66-11ee-ad92-e00af6801390","e4c7b582-cf66-11ee-a429-e00af6801390","2022-11-04"
"e4ca5419-cf66-11ee-b716-e00af6801390","e4c78e7c-cf66-11ee-a614-e00af6801390","2023-04-03"
"e4ca541a-cf66-11ee-b206-e00af6801390","e4c80367-cf66-11ee-abf5-e00af6801390","2024-01-12"
"e4ca541b-cf66-11ee-a77b-e00af6801390","e4c78e63-cf66-11ee-a457-e00af6801390","2022-07-11"
"e4ca541c-cf66-11ee-9aa7-e00af6801390","e4c851c6-cf66-11ee-9d73-e00af6801390","2023-05-04"
"e4ca541d-cf66-11ee-873e-e00af6801390","e4c80375-cf66-11ee-af40-e00af6801390","2022-11-17"
"e4ca541e-cf66-11ee-b3a1-e00af6801390","e4c76738-cf66-11ee-8e87-e00af6801390","2023-04-29"
"e4ca7ae4-cf66-11ee-b8e0-e00af6801390","e4c82ab7-cf66-11ee-9863-e00af6801390","2023-08-19"
"e4ca7ae5-cf66-11ee-ae29-e00af6801390","e4c80371-cf66-11ee-87f1-e00af6801390","2022-10-01"
"e4ca7ae6-cf66-11ee-b515-e00af6801390","e4c7401c-cf66-11ee-9e76-e00af6801390","2024-01-07"
"e4ca7ae7-cf66-11ee-adbf-e00af6801390","e4c7b560-cf66-11ee-b686-e00af6801390","2023-04-26"
"e4ca7ae8-cf66-11ee-9c07-e00af6801390","e4c851c7-cf66-11ee-9a5f-e00af6801390","2022-03-20"
"e4ca7ae9-cf66-11ee-8471-e00af6801390","e4c7dc69-cf66-11ee-85de-e00af6801390","2023-01-05"
"e4ca7aea-cf66-11ee-acf7-e00af6801390","e4c82ad3-cf66-11ee-977f-e00af6801390","2022-08-03"
"e4ca7aeb-cf66-11ee-a83d-e00af6801390","e4c7dc7f-cf66-11ee-aa99-e00af6801390","2022-04-02"
"e4ca7aec-cf66-11ee-b717-e00af6801390","e4c851c7-cf66-11ee-9a5f-e00af6801390","2022-10-30"
"e4ca7aed-cf66-11ee-9f53-e00af6801390","e4c7b56a-cf66-11ee-b90b-e00af6801390","2023-10-26"
"e4ca7aee-cf66-11ee-b157-e00af6801390","e4c7dc61-cf66-11ee-b685-e00af6801390","2022-03-05"
"e4ca7aef-cf66-11ee-a9a2-e00af6801390","e4c78e57-cf66-11ee-8f91-e00af6801390","2022-10-07"
"e4ca7af0-cf66-11ee-b6c7-e00af6801390","e4c82ad8-cf66-11ee-a013-e00af6801390","2023-11-19"
"e4ca7af1-cf66-11ee-bd4d-e00af6801390","e4c803a6-cf66-11ee-b96d-e00af6801390","2023-10-15"
"e4ca7af2-cf66-11ee-b991-e00af6801390","e4c8039e-cf66-11ee-b5ee-e00af6801390","2022-10-02"
"e4ca7af3-cf66-11ee-8749-e00af6801390","e4c82ab8-cf66-11ee-b362-e00af6801390","2023-06-03"
"e4ca7af4-cf66-11ee-8136-e00af6801390","e4c87ccd-cf66-11ee-8177-e00af6801390","2022-07-14"
"e4ca7af5-cf66-11ee-9740-e00af6801390","e4c82aa8-cf66-11ee-87b9-e00af6801390","2022-12-23"
"e4ca7af6-cf66-11ee-b760-e00af6801390","e4c851a0-cf66-11ee-83ca-e00af6801390","2022-05-04"
"e4ca7af7-cf66-11ee-99a1-e00af6801390","e4c87cd9-cf66-11ee-8b25-e00af6801390","2023-03-20"
"e4ca7af8-cf66-11ee-8e73-e00af6801390","e4c78e7e-cf66-11ee-b1fc-e00af6801390","2022-08-02"
"e4ca7af9-cf66-11ee-97d6-e00af6801390","e4c82a99-cf66-11ee-af59-e00af6801390","2022-12-31"
"e4ca7afa-cf66-11ee-96e9-e00af6801390","e4c76763-cf66-11ee-8fbf-e00af6801390","2023-02-09"
"e4ca7afb-cf66-11ee-b17b-e00af6801390","e4c851b9-cf66-11ee-ab8c-e00af6801390","2022-11-10"
"e4ca7afc-cf66-11ee-af3a-e00af6801390","e4c7672a-cf66-11ee-a727-e00af6801390","2022-12-03"
"e4ca7afd-cf66-11ee-93c2-e00af6801390","e4c7dc99-cf66-11ee-8dbc-e00af6801390","2023-08-14"
"e4ca7afe-cf66-11ee-ad70-e00af6801390","e4c82ad2-cf66-11ee-8b95-e00af6801390","2023-04-19"
"e4ca7aff-cf66-11ee-947e-e00af6801390","e4c87ccf-cf66-11ee-a81a-e00af6801390","2022-07-04"
"e4ca7b00-cf66-11ee-bf84-e00af6801390","e4c87cc3-cf66-11ee-9fe8-e00af6801390","2023-08-08"
"e4ca7b01-cf66-11ee-9b33-e00af6801390","e4c78e7f-cf66-11ee-9bc8-e00af6801390","2023-11-11"
"e4ca7b02-cf66-11ee-b804-e00af6801390","e4c78e52-cf66-11ee-9b2b-e00af6801390","2022-10-10"
"e4ca7b03-cf66-11ee-9d5d-e00af6801390","e4c78e4e-cf66-11ee-9ce4-e00af6801390","2022-03-15"
"e4ca7b04-cf66-11ee-98d2-e00af6801390","e4c76736-cf66-11ee-8f1d-e00af6801390","2022-03-27"
"e4ca7b05-cf66-11ee-866c-e00af6801390","e4c7b569-cf66-11ee-8893-e00af6801390","2022-07-29"
"e4ca7b06-cf66-11ee-bc7b-e00af6801390","e4c82acc-cf66-11ee-a5a8-e00af6801390","2022-10-18"
"e4ca7b07-cf66-11ee-9b4f-e00af6801390","e4c85196-cf66-11ee-bfe5-e00af6801390","2022-05-17"
"e4ca7b08-cf66-11ee-b52f-e00af6801390","e4c7dc74-cf66-11ee-8f8b-e00af6801390","2023-03-02"
"e4ca7b09-cf66-11ee-9051-e00af6801390","e4c78e69-cf66-11ee-b245-e00af6801390","2023-07-20"
"e4ca7b0a-cf66-11ee-a365-e00af6801390","e4c851d1-cf66-11ee-a974-e00af6801390","2022-08-16"
"e4ca7b0b-cf66-11ee-820b-e00af6801390","e4c78e82-cf66-11ee-971d-e00af6801390","2022-09-19"
"e4ca7b0c-cf66-11ee-9e74-e00af6801390","e4c82acc-cf66-11ee-a5a8-e00af6801390","2023-10-14"
"e4ca7b0d-cf66-11ee-9920-e00af6801390","e4c78e7e-cf66-11ee-b1fc-e00af6801390","2022-10-29"
"e4ca7b0e-cf66-11ee-a213-e00af6801390","e4c7dc76-cf66-11ee-9b80-e00af6801390","2022-02-25"
"e4ca7b0f-cf66-11ee-8554-e00af6801390","e4c78e85-cf66-11ee-b1d2-e00af6801390","2023-05-23"
"e4ca7b10-cf66-11ee-91e0-e00af6801390","e4c80399-cf66-11ee-b1ee-e00af6801390","2023-02-09"
"e4ca7b11-cf66-11ee-afd9-e00af6801390","e4c7dc63-cf66-11ee-9c91-e00af6801390","2023-09-12"
"e4ca7b12-cf66-11ee-b5f7-e00af6801390","e4c80366-cf66-11ee-a657-e00af6801390","2023-05-10"
"e4ca7b13-cf66-11ee-9dc6-e00af6801390","e4c80382-cf66-11ee-90d9-e00af6801390","2022-08-21"
"e4ca7b14-cf66-11ee-845d-e00af6801390","e4c82ad1-cf66-11ee-8522-e00af6801390","2022-12-18"
"e4ca7b15-cf66-11ee-9a38-e00af6801390","e4c8039c-cf66-11ee-bcf0-e00af6801390","2022-03-28"
"e4ca7b16-cf66-11ee-92a4-e00af6801390","e4c78e4f-cf66-11ee-ae3d-e00af6801390","2023-10-13"
"e4ca7b17-cf66-11ee-8e66-e00af6801390","e4c7b56f-cf66-11ee-b761-e00af6801390","2023-04-04"
"e4ca7b18-cf66-11ee-89ce-e00af6801390","e4c7dc5f-cf66-11ee-82b7-e00af6801390","2022-06-09"
"e4ca7b19-cf66-11ee-900e-e00af6801390","e4c85196-cf66-11ee-bfe5-e00af6801390","2022-02-24"
"e4ca7b1a-cf66-11ee-ab01-e00af6801390","e4c7dc7f-cf66-11ee-aa99-e00af6801390","2022-08-31"
"e4ca7b1b-cf66-11ee-8753-e00af6801390","e4c851b6-cf66-11ee-9a13-e00af6801390","2022-12-18"
"e4ca7b1c-cf66-11ee-bd4d-e00af6801390","e4c76754-cf66-11ee-857f-e00af6801390","2022-05-19"
"e4ca7b1d-cf66-11ee-bb74-e00af6801390","e4c78e67-cf66-11ee-b2c9-e00af6801390","2022-11-13"
"e4ca7b1e-cf66-11ee-99a8-e00af6801390","e4c7dc86-cf66-11ee-981f-e00af6801390","2023-06-04"
"e4ca7b1f-cf66-11ee-b20c-e00af6801390","e4c78e50-cf66-11ee-81b9-e00af6801390","2023-11-19"
"e4ca7b20-cf66-11ee-8979-e00af6801390","e4c7b564-cf66-11ee-be53-e00af6801390","2022-09-10"
"e4ca7b21-cf66-11ee-80b1-e00af6801390","e4c7674d-cf66-11ee-9be5-e00af6801390","2022-03-01"
"e4ca7b22-cf66-11ee-9692-e00af6801390","e4c76734-cf66-11ee-83bc-e00af6801390","2022-10-16"
"e4ca7b23-cf66-11ee-8745-e00af6801390","e4c80374-cf66-11ee-bfa4-e00af6801390","2022-09-16"
"e4ca7b24-cf66-11ee-8103-e00af6801390","e4c78e6c-cf66-11ee-b540-e00af6801390","2022-12-11"
"e4ca7b25-cf66-11ee-b764-e00af6801390","e4c7673f-cf66-11ee-8d36-e00af6801390","2022-11-04"
"e4ca7b26-cf66-11ee-8fff-e00af6801390","e4c8038c-cf66-11ee-83db-e00af6801390","2023-01-12"
"e4ca7b27-cf66-11ee-a68c-e00af6801390","e4c87cd9-cf66-11ee-8b25-e00af6801390","2022-04-05"
"e4ca7b28-cf66-11ee-b2b2-e00af6801390","e4c87cc3-cf66-11ee-9fe8-e00af6801390","2022-08-13"
"e4ca7b29-cf66-11ee-b9f4-e00af6801390","e4c80376-cf66-11ee-a4bf-e00af6801390","2023-03-24"
"e4caa1f3-cf66-11ee-bc91-e00af6801390","e4c76760-cf66-11ee-93ce-e00af6801390","2023-04-03"
"e4caa1f4-cf66-11ee-bcd5-e00af6801390","e4c7b572-cf66-11ee-97e2-e00af6801390","2023-07-12"
"e4caa1f5-cf66-11ee-950d-e00af6801390","e4c87cc5-cf66-11ee-b4d1-e00af6801390","2022-04-29"
"e4caa1f6-cf66-11ee-812a-e00af6801390","e4c7dc73-cf66-11ee-879b-e00af6801390","2023-05-01"
"e4caa1f7-cf66-11ee-bb17-e00af6801390","e4c7b57b-cf66-11ee-9511-e00af6801390","2022-03-19"
"e4caa1f8-cf66-11ee-a352-e00af6801390","e4c8036c-cf66-11ee-b864-e00af6801390","2022-08-27"
"e4caa1f9-cf66-11ee-b54b-e00af6801390","e4c78e5d-cf66-11ee-941e-e00af6801390","2022-05-19"
"e4caa1fa-cf66-11ee-9515-e00af6801390","e4c7401b-cf66-11ee-8534-e00af6801390","2023-04-13"
"e4caa1fb-cf66-11ee-ae5f-e00af6801390","e4c7672a-cf66-11ee-a727-e00af6801390","2023-09-16"
"e4caa1fc-cf66-11ee-86ab-e00af6801390","e4c7dc94-cf66-11ee-9d80-e00af6801390","2023-08-15"
"e4caa1fd-cf66-11ee-bfb1-e00af6801390","e4c7dc63-cf66-11ee-9c91-e00af6801390","2022-08-05"
"e4caa1fe-cf66-11ee-8247-e00af6801390","e4c7672c-cf66-11ee-9dba-e00af6801390","2023-02-16"
"e4caa1ff-cf66-11ee-984a-e00af6801390","e4c82abe-cf66-11ee-add4-e00af6801390","2022-05-09"
"e4caa200-cf66-11ee-9dfd-e00af6801390","e4c851c8-cf66-11ee-89d6-e00af6801390","2023-04-09"
"e4caa201-cf66-11ee-bd77-e00af6801390","e4c80382-cf66-11ee-90d9-e00af6801390","2022-03-28"
"e4caa202-cf66-11ee-bca9-e00af6801390","e4c78e6c-cf66-11ee-b540-e00af6801390","2023-12-10"
"e4caa203-cf66-11ee-a94e-e00af6801390","e4c851bd-cf66-11ee-a1aa-e00af6801390","2023-04-19"
"e4caa204-cf66-11ee-931c-e00af6801390","e4c78e61-cf66-11ee-beec-e00af6801390","2023-01-01"
"e4caa205-cf66-11ee-b922-e00af6801390","e4c7b587-cf66-11ee-8442-e00af6801390","2023-12-19"
"e4caa206-cf66-11ee-ab92-e00af6801390","e4c78e54-cf66-11ee-876e-e00af6801390","2023-10-22"
"e4caa207-cf66-11ee-a2c9-e00af6801390","e4c80375-cf66-11ee-af40-e00af6801390","2022-12-28"
"e4caa208-cf66-11ee-808c-e00af6801390","e4c7dc8d-cf66-11ee-a1c5-e00af6801390","2023-08-11"
"e4caa209-cf66-11ee-8680-e00af6801390","e4c87cd5-cf66-11ee-83e5-e00af6801390","2023-05-07"
"e4caa20a-cf66-11ee-9599-e00af6801390","e4c76744-cf66-11ee-94ee-e00af6801390","2023-11-11"
"e4caa20b-cf66-11ee-b08c-e00af6801390","e4c87ccd-cf66-11ee-8177-e00af6801390","2022-07-29"
"e4caa20c-cf66-11ee-8ebb-e00af6801390","e4c78e7c-cf66-11ee-a614-e00af6801390","2023-11-07"
"e4caa20d-cf66-11ee-809e-e00af6801390","e4c78e57-cf66-11ee-8f91-e00af6801390","2022-11-29"
"e4caa20e-cf66-11ee-9b62-e00af6801390","e4c7b574-cf66-11ee-9202-e00af6801390","2022-08-06"
"e4caa20f-cf66-11ee-9150-e00af6801390","e4c80386-cf66-11ee-a011-e00af6801390","2023-09-24"
"e4caa210-cf66-11ee-90a1-e00af6801390","e4c851c9-cf66-11ee-9755-e00af6801390","2023-04-28"
"e4caa211-cf66-11ee-906e-e00af6801390","e4c7401f-cf66-11ee-b722-e00af6801390","2023-08-16"
"e4caa212-cf66-11ee-8969-e00af6801390","e4c851ae-cf66-11ee-bfa4-e00af6801390","2022-12-12"
"e4caa213-cf66-11ee-9893-e00af6801390","e4c7dc61-cf66-11ee-b685-e00af6801390","2022-05-01"
"e4caa214-cf66-11ee-8722-e00af6801390","e4c851bf-cf66-11ee-bfdb-e00af6801390","2023-04-21"
"e4caa215-cf66-11ee-9486-e00af6801390","e4c78e7a-cf66-11ee-8a96-e00af6801390","2023-12-10"
"e4caa216-cf66-11ee-a35d-e00af6801390","e4c76751-cf66-11ee-a02d-e00af6801390","2022-04-07"
"e4caa217-cf66-11ee-b550-e00af6801390","e4c7b560-cf66-11ee-b686-e00af6801390","2022-03-14"
"e4caa218-cf66-11ee-832b-e00af6801390","e4c87cce-cf66-11ee-bc8b-e00af6801390","2022-10-07"
"e4caa219-cf66-11ee-a77d-e00af6801390","e4c7dc67-cf66-11ee-8e69-e00af6801390","2022-03-16"
"e4caa21a-cf66-11ee-a76b-e00af6801390","e4c78e7b-cf66-11ee-852e-e00af6801390","2023-02-16"
"e4caa21b-cf66-11ee-9218-e00af6801390","e4c76756-cf66-11ee-826a-e00af6801390","2023-06-20"
"e4caa21c-cf66-11ee-9365-e00af6801390","e4c85197-cf66-11ee-ac77-e00af6801390","2022-10-03"
"e4caa21d-cf66-11ee-bf80-e00af6801390","e4c8519f-cf66-11ee-b779-e00af6801390","2022-04-12"
"e4caa21e-cf66-11ee-bd21-e00af6801390","e4c82abd-cf66-11ee-9411-e00af6801390","2023-11-17"
"e4caa21f-cf66-11ee-9671-e00af6801390","e4c8036a-cf66-11ee-9c5b-e00af6801390","2022-11-27"
"e4caa220-cf66-11ee-bccf-e00af6801390","e4c7b588-cf66-11ee-9cae-e00af6801390","2022-12-28"
"e4caa221-cf66-11ee-845a-e00af6801390","e4c8519e-cf66-11ee-8c04-e00af6801390","2023-06-28"
"e4caa222-cf66-11ee-83bd-e00af6801390","e4c78e6a-cf66-11ee-a202-e00af6801390","2023-04-15"
"e4caa223-cf66-11ee-afdd-e00af6801390","e4c8519f-cf66-11ee-b779-e00af6801390","2023-03-17"
"e4caa224-cf66-11ee-ab54-e00af6801390","e4c7b566-cf66-11ee-9aa1-e00af6801390","2022-08-31"
"e4caa225-cf66-11ee-97cf-e00af6801390","e4c78e53-cf66-11ee-8ed2-e00af6801390","2022-05-26"
"e4caa226-cf66-11ee-aca7-e00af6801390","e4c851a7-cf66-11ee-9516-e00af6801390","2022-04-03"
"e4caa227-cf66-11ee-abd5-e00af6801390","e4c7674c-cf66-11ee-9a28-e00af6801390","2022-05-19"
"e4caa228-cf66-11ee-9f3f-e00af6801390","e4c78e50-cf66-11ee-81b9-e00af6801390","2022-09-01"
"e4caa229-cf66-11ee-920b-e00af6801390","e4c76738-cf66-11ee-8e87-e00af6801390","2022-11-02"
"e4caa22a-cf66-11ee-be9e-e00af6801390","e4c851cb-cf66-11ee-a2f2-e00af6801390","2023-03-25"
"e4caa22b-cf66-11ee-bbe9-e00af6801390","e4c7b57d-cf66-11ee-b2bb-e00af6801390","2022-12-09"
"e4caa22c-cf66-11ee-9667-e00af6801390","e4c76755-cf66-11ee-8ef1-e00af6801390","2023-07-04"
"e4caa22d-cf66-11ee-94f9-e00af6801390","e4c7b562-cf66-11ee-8cf4-e00af6801390","2023-05-12"
"e4caa22e-cf66-11ee-81c7-e00af6801390","e4c851c8-cf66-11ee-89d6-e00af6801390","2023-06-14"
"e4caa22f-cf66-11ee-be10-e00af6801390","e4c8037a-cf66-11ee-988d-e00af6801390","2023-12-27"
"e4caa230-cf66-11ee-a0b0-e00af6801390","e4c7dc8c-cf66-11ee-801b-e00af6801390","2023-12-31"
"e4caa231-cf66-11ee-93a0-e00af6801390","e4c82aa7-cf66-11ee-98f7-e00af6801390","2023-04-06"
"e4caa232-cf66-11ee-843a-e00af6801390","e4c85197-cf66-11ee-ac77-e00af6801390","2023-12-23"
"e4caa233-cf66-11ee-ac58-e00af6801390","e4c87cc4-cf66-11ee-b111-e00af6801390","2023-06-25"
"e4caa234-cf66-11ee-aa24-e00af6801390","e4c82ac1-cf66-11ee-8be3-e00af6801390","2022-11-05"
"e4caa235-cf66-11ee-a7c4-e00af6801390","e4c78e81-cf66-11ee-9c9e-e00af6801390","2023-04-25"
"e4caa236-cf66-11ee-880e-e00af6801390","e4c76739-cf66-11ee-ab4c-e00af6801390","2023-12-12"
"e4caa237-cf66-11ee-b171-e00af6801390","e4c78e4c-cf66-11ee-bfed-e00af6801390","2023-09-03"
"e4caa238-cf66-11ee-ad83-e00af6801390","e4c78e59-cf66-11ee-8673-e00af6801390","2023-12-22"
"e4caa239-cf66-11ee-98ee-e00af6801390","e4c7dc57-cf66-11ee-8db3-e00af6801390","2023-07-13"
"e4caa23a-cf66-11ee-97d8-e00af6801390","e4c78e7e-cf66-11ee-b1fc-e00af6801390","2023-12-09"
"e4caa23b-cf66-11ee-8e51-e00af6801390","e4c76744-cf66-11ee-94ee-e00af6801390","2023-09-20"
"e4cac905-cf66-11ee-acaf-e00af6801390","e4c78e70-cf66-11ee-9c45-e00af6801390","2023-04-23"
"e4cac906-cf66-11ee-a9f6-e00af6801390","e4c82aa7-cf66-11ee-98f7-e00af6801390","2023-11-10"
"e4cac907-cf66-11ee-80cc-e00af6801390","e4c87cd3-cf66-11ee-934d-e00af6801390","2023-09-14"
"e4cac908-cf66-11ee-947d-e00af6801390","e4c80397-cf66-11ee-8745-e00af6801390","2023-04-07"
"e4cac909-cf66-11ee-a3c3-e00af6801390","e4c80377-cf66-11ee-bb67-e00af6801390","2022-08-11"
"e4cac90a-cf66-11ee-8d96-e00af6801390","e4c8037a-cf66-11ee-988d-e00af6801390","2023-04-29"
"e4cac90b-cf66-11ee-b02d-e00af6801390","e4c78e83-cf66-11ee-9a7c-e00af6801390","2022-04-26"
"e4cac90c-cf66-11ee-a58f-e00af6801390","e4c78e63-cf66-11ee-a457-e00af6801390","2022-10-30"
"e4cac90d-cf66-11ee-a064-e00af6801390","e4c7b55c-cf66-11ee-af23-e00af6801390","2022-11-09"
"e4cac90e-cf66-11ee-9757-e00af6801390","e4c76737-cf66-11ee-a47c-e00af6801390","2023-10-29"
"e4cac90f-cf66-11ee-bb88-e00af6801390","e4c82aa4-cf66-11ee-b748-e00af6801390","2023-03-08"
"e4cac910-cf66-11ee-b482-e00af6801390","e4c7dc93-cf66-11ee-8aa3-e00af6801390","2022-10-22"
"e4cac911-cf66-11ee-90dd-e00af6801390","e4c78e75-cf66-11ee-ae8a-e00af6801390","2022-09-17"
"e4cac912-cf66-11ee-b12b-e00af6801390","e4c80380-cf66-11ee-b8ac-e00af6801390","2023-06-16"
"e4cac913-cf66-11ee-b6bf-e00af6801390","e4c7dc74-cf66-11ee-8f8b-e00af6801390","2023-10-28"
"e4cac914-cf66-11ee-8b13-e00af6801390","e4c7b56d-cf66-11ee-b521-e00af6801390","2022-04-01"
"e4cac915-cf66-11ee-9501-e00af6801390","e4c7dc73-cf66-11ee-879b-e00af6801390","2023-08-03"
"e4cac916-cf66-11ee-a6b3-e00af6801390","e4c7dc75-cf66-11ee-a668-e00af6801390","2022-07-03"
"e4cac917-cf66-11ee-95be-e00af6801390","e4c78e59-cf66-11ee-8673-e00af6801390","2023-08-26"
"e4cac918-cf66-11ee-ae4f-e00af6801390","e4c76754-cf66-11ee-857f-e00af6801390","2022-07-01"
"e4cac919-cf66-11ee-9655-e00af6801390","e4c7675c-cf66-11ee-aa8d-e00af6801390","2023-03-21"
"e4cac91a-cf66-11ee-9889-e00af6801390","e4c7b56d-cf66-11ee-b521-e00af6801390","2023-02-02"
"e4cac91b-cf66-11ee-b02a-e00af6801390","e4c82acd-cf66-11ee-859f-e00af6801390","2023-06-05"
"e4cac91c-cf66-11ee-a688-e00af6801390","e4c82aa8-cf66-11ee-87b9-e00af6801390","2023-06-23"
"e4cac91d-cf66-11ee-85cf-e00af6801390","e4c76734-cf66-11ee-83bc-e00af6801390","2022-03-22"
"e4cac91e-cf66-11ee-851f-e00af6801390","e4c8036e-cf66-11ee-b7d9-e00af6801390","2023-05-03"
"e4cac91f-cf66-11ee-97d2-e00af6801390","e4c80366-cf66-11ee-a657-e00af6801390","2022-08-16"
"e4cac920-cf66-11ee-baaa-e00af6801390","e4c76755-cf66-11ee-8ef1-e00af6801390","2023-12-24"
"e4cac921-cf66-11ee-848b-e00af6801390","e4c7dc73-cf66-11ee-879b-e00af6801390","2022-03-13"
"e4cac922-cf66-11ee-866c-e00af6801390","e4c8037f-cf66-11ee-91ec-e00af6801390","2022-05-17"
"e4cac923-cf66-11ee-964b-e00af6801390","e4c7b54a-cf66-11ee-879c-e00af6801390","2023-01-16"
"e4cac924-cf66-11ee-8fc4-e00af6801390","e4c78e82-cf66-11ee-971d-e00af6801390","2023-07-28"
"e4cac925-cf66-11ee-b4d9-e00af6801390","e4c7401e-cf66-11ee-9bb2-e00af6801390","2023-02-01"
"e4cac926-cf66-11ee-a82a-e00af6801390","e4c8036e-cf66-11ee-b7d9-e00af6801390","2023-03-16"
"e4cac927-cf66-11ee-bf17-e00af6801390","e4c82ad3-cf66-11ee-977f-e00af6801390","2023-08-02"
"e4cac928-cf66-11ee-86e9-e00af6801390","e4c7b54e-cf66-11ee-8ed8-e00af6801390","2022-09-27"
"e4cac929-cf66-11ee-aba0-e00af6801390","e4c8038f-cf66-11ee-aff2-e00af6801390","2023-10-20"
"e4cac92a-cf66-11ee-9438-e00af6801390","e4c82acd-cf66-11ee-859f-e00af6801390","2022-10-02"
"e4cac92b-cf66-11ee-9b0d-e00af6801390","e4c851c9-cf66-11ee-9755-e00af6801390","2022-06-23"
"e4cac92c-cf66-11ee-8c90-e00af6801390","e4c80393-cf66-11ee-83b5-e00af6801390","2023-01-14"
"e4cac92d-cf66-11ee-b8b7-e00af6801390","e4c7dc6f-cf66-11ee-876b-e00af6801390","2022-06-14"
"e4cac92e-cf66-11ee-bc8d-e00af6801390","e4c78e5f-cf66-11ee-9aef-e00af6801390","2023-01-25"
"e4cac92f-cf66-11ee-b56f-e00af6801390","e4c7401c-cf66-11ee-9e76-e00af6801390","2023-11-16"
"e4cac930-cf66-11ee-b2cc-e00af6801390","e4c803a6-cf66-11ee-b96d-e00af6801390","2022-12-30"
"e4cac931-cf66-11ee-90ea-e00af6801390","e4c851c3-cf66-11ee-814c-e00af6801390","2022-03-06"
"e4cac932-cf66-11ee-8f31-e00af6801390","e4c82ac6-cf66-11ee-a815-e00af6801390","2022-12-19"
"e4cac933-cf66-11ee-9dce-e00af6801390","e4c80367-cf66-11ee-abf5-e00af6801390","2022-08-21"
"e4cac934-cf66-11ee-9361-e00af6801390","e4c7dc7d-cf66-11ee-bcf5-e00af6801390","2022-07-01"
"e4cac935-cf66-11ee-b024-e00af6801390","e4c82a98-cf66-11ee-8545-e00af6801390","2023-03-30"
"e4cac936-cf66-11ee-aad3-e00af6801390","e4c78e65-cf66-11ee-9b77-e00af6801390","2022-04-01"
"e4cac937-cf66-11ee-af23-e00af6801390","e4c7401e-cf66-11ee-9bb2-e00af6801390","2024-01-09"
"e4cac938-cf66-11ee-9c9b-e00af6801390","e4c82ad9-cf66-11ee-9113-e00af6801390","2023-07-30"
"e4cac939-cf66-11ee-ae9f-e00af6801390","e4c851bd-cf66-11ee-a1aa-e00af6801390","2022-10-16"
"e4cac93a-cf66-11ee-ba25-e00af6801390","e4c7dc8a-cf66-11ee-b2ae-e00af6801390","2022-10-23"
"e4cac93b-cf66-11ee-8019-e00af6801390","e4c87cda-cf66-11ee-b24a-e00af6801390","2022-02-28"
"e4cac93c-cf66-11ee-b9fc-e00af6801390","e4c7673d-cf66-11ee-b9f7-e00af6801390","2023-10-24"
"e4cac93d-cf66-11ee-95f5-e00af6801390","e4c7b569-cf66-11ee-8893-e00af6801390","2022-11-06"
"e4cac93e-cf66-11ee-904d-e00af6801390","e4c82acb-cf66-11ee-b512-e00af6801390","2022-08-31"
"e4cac93f-cf66-11ee-97c7-e00af6801390","e4c8519b-cf66-11ee-8e62-e00af6801390","2022-04-16"
"e4cac940-cf66-11ee-850b-e00af6801390","e4c76755-cf66-11ee-8ef1-e00af6801390","2022-12-23"
"e4cac941-cf66-11ee-a387-e00af6801390","e4c82ac4-cf66-11ee-b076-e00af6801390","2023-03-11"
"e4cac942-cf66-11ee-bc2e-e00af6801390","e4c7dc72-cf66-11ee-b679-e00af6801390","2022-08-18"
"e4cac943-cf66-11ee-9546-e00af6801390","e4c80382-cf66-11ee-90d9-e00af6801390","2023-12-30"
"e4cac944-cf66-11ee-a8f0-e00af6801390","e4c7dc85-cf66-11ee-a3d5-e00af6801390","2022-08-23"
"e4cac945-cf66-11ee-8374-e00af6801390","e4c78e65-cf66-11ee-9b77-e00af6801390","2023-01-05"
"e4cac946-cf66-11ee-bc4a-e00af6801390","e4c87cc3-cf66-11ee-9fe8-e00af6801390","2022-04-10"
"e4cac947-cf66-11ee-83b6-e00af6801390","e4c76757-cf66-11ee-a49c-e00af6801390","2022-04-22"
"e4cac948-cf66-11ee-b3d6-e00af6801390","e4c80375-cf66-11ee-af40-e00af6801390","2023-07-31"
"e4cac949-cf66-11ee-9bff-e00af6801390","e4c78e50-cf66-11ee-81b9-e00af6801390","2022-09-07"
"e4cac94a-cf66-11ee-a020-e00af6801390","e4c851be-cf66-11ee-914f-e00af6801390","2022-05-10"
"e4cac94b-cf66-11ee-8b4c-e00af6801390","e4c7dc58-cf66-11ee-b507-e00af6801390","2023-06-12"
"e4cac94c-cf66-11ee-8669-e00af6801390","e4c7dc93-cf66-11ee-8aa3-e00af6801390","2023-10-23"
"e4cac94d-cf66-11ee-a1f6-e00af6801390","e4c7b57d-cf66-11ee-b2bb-e00af6801390","2023-05-12"
"e4caf013-cf66-11ee-b7e0-e00af6801390","e4c7b558-cf66-11ee-abbf-e00af6801390","2022-02-20"
"e4caf014-cf66-11ee-bf57-e00af6801390","e4c8039d-cf66-11ee-8444-e00af6801390","2023-01-08"
"e4caf015-cf66-11ee-8a25-e00af6801390","e4c76738-cf66-11ee-8e87-e00af6801390","2023-01-24"
"e4caf016-cf66-11ee-a2ed-e00af6801390","e4c82abf-cf66-11ee-80a1-e00af6801390","2022-03-16"
"e4caf017-cf66-11ee-9909-e00af6801390","e4c76765-cf66-11ee-9bc2-e00af6801390","2023-02-15"
"e4caf018-cf66-11ee-b832-e00af6801390","e4c7dc71-cf66-11ee-b177-e00af6801390","2023-10-13"
"e4caf019-cf66-11ee-84ce-e00af6801390","e4c82ab2-cf66-11ee-966d-e00af6801390","2023-07-31"
"e4caf01a-cf66-11ee-8d31-e00af6801390","e4c8038e-cf66-11ee-bd3d-e00af6801390","2022-04-15"
"e4caf01b-cf66-11ee-8bbd-e00af6801390","e4c851cc-cf66-11ee-9e3a-e00af6801390","2023-07-17"
"e4caf01c-cf66-11ee-9155-e00af6801390","e4c78e81-cf66-11ee-9c9e-e00af6801390","2023-05-05"
"e4caf01d-cf66-11ee-9e65-e00af6801390","e4c7dc66-cf66-11ee-935d-e00af6801390","2022-08-23"
"e4caf01e-cf66-11ee-a219-e00af6801390","e4c851a7-cf66-11ee-9516-e00af6801390","2024-01-12"
"e4caf01f-cf66-11ee-bd6a-e00af6801390","e4c8039b-cf66-11ee-af4a-e00af6801390","2022-04-13"
"e4caf020-cf66-11ee-8b86-e00af6801390","e4c76741-cf66-11ee-be28-e00af6801390","2023-08-31"
"e4caf021-cf66-11ee-9b93-e00af6801390","e4c851cc-cf66-11ee-9e3a-e00af6801390","2023-12-16"
"e4caf022-cf66-11ee-bc44-e00af6801390","e4c82abf-cf66-11ee-80a1-e00af6801390","2023-08-03"
"e4caf023-cf66-11ee-a303-e00af6801390","e4c78e7e-cf66-11ee-b1fc-e00af6801390","2023-06-08"
"e4caf024-cf66-11ee-9db8-e00af6801390","e4c7b549-cf66-11ee-81d7-e00af6801390","2022-03-05"
"e4caf025-cf66-11ee-a10f-e00af6801390","e4c7dc81-cf66-11ee-b12f-e00af6801390","2022-03-29"
"e4caf026-cf66-11ee-97f5-e00af6801390","e4c78e60-cf66-11ee-903f-e00af6801390","2023-06-09"
"e4caf027-cf66-11ee-a982-e00af6801390","e4c82ac3-cf66-11ee-b005-e00af6801390","2023-12-22"
"e4caf028-cf66-11ee-963e-e00af6801390","e4c78e72-cf66-11ee-992b-e00af6801390","2023-11-27"
"e4caf029-cf66-11ee-8d07-e00af6801390","e4c76738-cf66-11ee-8e87-e00af6801390","2022-05-07"
"e4caf02a-cf66-11ee-b325-e00af6801390","e4c7b588-cf66-11ee-9cae-e00af6801390","2022-10-19"
"e4caf02b-cf66-11ee-b4d5-e00af6801390","e4c78e58-cf66-11ee-ba0c-e00af6801390","2023-11-26"
"e4caf02c-cf66-11ee-ad19-e00af6801390","e4c82acf-cf66-11ee-8545-e00af6801390","2022-06-20"
"e4caf02d-cf66-11ee-bc24-e00af6801390","e4c78e7d-cf66-11ee-8fb0-e00af6801390","2022-09-18"
"e4caf02e-cf66-11ee-8d15-e00af6801390","e4c8518c-cf66-11ee-845a-e00af6801390","2022-04-12"
"e4caf02f-cf66-11ee-90ac-e00af6801390","e4c7b54f-cf66-11ee-8c79-e00af6801390","2022-11-22"
"e4caf030-cf66-11ee-9adc-e00af6801390","e4c8519d-cf66-11ee-aee2-e00af6801390","2022-08-16"
"e4caf031-cf66-11ee-9f2d-e00af6801390","e4c851bf-cf66-11ee-bfdb-e00af6801390","2022-02-19"
"e4caf032-cf66-11ee-9aad-e00af6801390","e4c7b58a-cf66-11ee-8552-e00af6801390","2022-05-20"
"e4caf033-cf66-11ee-88fa-e00af6801390","e4c76762-cf66-11ee-aee7-e00af6801390","2023-06-11"
"e4caf034-cf66-11ee-8ab8-e00af6801390","e4c7b580-cf66-11ee-8063-e00af6801390","2023-10-03"
"e4caf035-cf66-11ee-b1ab-e00af6801390","e4c78e6c-cf66-11ee-b540-e00af6801390","2022-06-19"
"e4caf036-cf66-11ee-b8e5-e00af6801390","e4c78e48-cf66-11ee-abc1-e00af6801390","2022-06-24"
"e4caf037-cf66-11ee-a155-e00af6801390","e4c8037f-cf66-11ee-91ec-e00af6801390","2023-01-04"
"e4caf038-cf66-11ee-866a-e00af6801390","e4c76751-cf66-11ee-a02d-e00af6801390","2022-12-04"
"e4caf039-cf66-11ee-9081-e00af6801390","e4c7b56d-cf66-11ee-b521-e00af6801390","2022-07-25"
"e4caf03a-cf66-11ee-9f74-e00af6801390","e4c78e62-cf66-11ee-8883-e00af6801390","2023-02-10"
"e4caf03b-cf66-11ee-89e7-e00af6801390","e4c7b568-cf66-11ee-8068-e00af6801390","2023-01-25"
"e4caf03c-cf66-11ee-b080-e00af6801390","e4c82acc-cf66-11ee-a5a8-e00af6801390","2023-07-30"
"e4caf03d-cf66-11ee-a83e-e00af6801390","e4c7dc70-cf66-11ee-b68f-e00af6801390","2022-08-09"
"e4caf03e-cf66-11ee-850e-e00af6801390","e4c7dc84-cf66-11ee-9d11-e00af6801390","2023-07-24"
"e4caf03f-cf66-11ee-9ad2-e00af6801390","e4c7401c-cf66-11ee-9e76-e00af6801390","2022-06-02"
"e4caf040-cf66-11ee-877f-e00af6801390","e4c7dc8a-cf66-11ee-b2ae-e00af6801390","2023-07-03"
"e4caf041-cf66-11ee-a7c6-e00af6801390","e4c80380-cf66-11ee-b8ac-e00af6801390","2023-07-02"
"e4caf042-cf66-11ee-9391-e00af6801390","e4c87cd0-cf66-11ee-adbe-e00af6801390","2022-04-10"
"e4caf043-cf66-11ee-b47b-e00af6801390","e4c851b0-cf66-11ee-b7de-e00af6801390","2022-07-09"
"e4caf044-cf66-11ee-8c71-e00af6801390","e4c8039b-cf66-11ee-af4a-e00af6801390","2022-09-18"
"e4caf045-cf66-11ee-887d-e00af6801390","e4c78e57-cf66-11ee-8f91-e00af6801390","2023-09-19"
"e4caf046-cf66-11ee-8a93-e00af6801390","e4c851aa-cf66-11ee-a242-e00af6801390","2022-08-29"
"e4caf047-cf66-11ee-a743-e00af6801390","e4c80394-cf66-11ee-9e7a-e00af6801390","2023-09-21"
"e4caf048-cf66-11ee-92e9-e00af6801390","e4c7b56f-cf66-11ee-b761-e00af6801390","2023-01-05"
"e4caf049-cf66-11ee-b85f-e00af6801390","e4c82a9b-cf66-11ee-afa8-e00af6801390","2023-06-09"
